dataset,project,model,n_runs,mean_auc,std_auc,mean_mcc,std_mcc,mean_f1_score,std_f1_score,mean_g_mean,std_g_mean,mean_accuracy,std_accuracy,rank_by_auc,rank_by_mcc
AEEEM,equinox,DecisionTree,15,0.6436062801932366,0.06735547460594636,0.263454182799348,0.15298841352141168,0.6298304703978092,0.08426563943053658,0.6281825571299604,0.0783513384429359,0.6306122448979592,0.0764771436153791,5.0,5.0
AEEEM,equinox,Dummy,15,0.4713599033816425,0.06452955783692135,-0.058132829635223954,0.13088840980864663,0.523922664803168,0.05863151631882544,0.4631914541163426,0.0663649137978743,0.474546485260771,0.06460544108536279,6.0,6.0
AEEEM,equinox,GaussianNB,15,0.7648454106280194,0.08276782472636263,0.35762709682697846,0.12457831529679392,0.49980255515859234,0.0925100221818491,0.5745779443174612,0.07344166013674701,0.6361961451247166,0.05621868926228561,2.0,3.0
AEEEM,equinox,KNN,15,0.7233671497584542,0.06982917226365219,0.3409420192259833,0.15291035373813233,0.660808351379938,0.09581355727165795,0.6645518245554736,0.07909852477724681,0.667828798185941,0.0779318901713114,4.0,4.0
AEEEM,equinox,LogisticRegression,15,0.7808285024154589,0.0875917991533625,0.4444352058584205,0.13925772504769018,0.6975309043817961,0.07805437464606332,0.7133266797647677,0.07177016899003189,0.7161848072562358,0.07043957942488391,1.0,1.0
AEEEM,equinox,RandomForest,15,0.7499661835748792,0.0697952632666942,0.41129828929765144,0.11347917308571269,0.7027785475385406,0.05956475590691359,0.7027014302244179,0.057357930161026416,0.7038832199546484,0.0568007085568809,3.0,2.0
AEEEM,jdt,DecisionTree,15,0.6670535028497725,0.03204559064957497,0.2998426923020736,0.06169321862493609,0.4571169515714687,0.046103227199762495,0.6363343101571093,0.037786308623779616,0.7503339501277646,0.031314229183662994,5.0,5.0
AEEEM,jdt,Dummy,15,0.48913677321137866,0.024399437277759888,-0.021925020138785487,0.04924494778057216,0.19094650205761315,0.039003265822860386,0.3841487450507658,0.04320330362346316,0.6628936470173584,0.01623585621585473,6.0,6.0
AEEEM,jdt,GaussianNB,15,0.766829944591781,0.037958662212668255,0.46216172022764873,0.07534202155424542,0.5123724615352601,0.08501332391821258,0.6148484530255166,0.07250694154377585,0.8436144153669927,0.016564473475329255,4.0,4.0
AEEEM,jdt,KNN,15,0.7973187501164546,0.04158595671857819,0.47018204647425105,0.06712080109506,0.5275146691475455,0.07786059863867746,0.631450372486326,0.0699666177243135,0.8439686315974976,0.014972447420505438,3.0,2.0
AEEEM,jdt,LogisticRegression,15,0.8369813458766112,0.035541157540379203,0.505465745676471,0.06324851849729662,0.6125365644499703,0.04940627582342754,0.7520824515532596,0.03985777576976262,0.8264604810996564,0.02656031547084425,1.0,1.0
AEEEM,jdt,RandomForest,15,0.8315337221363047,0.03473771421866054,0.4667397651130362,0.04489809069531022,0.5508048551734599,0.03903799341533787,0.6657961628539871,0.038257312719034375,0.8364137809498634,0.015276846745132246,2.0,3.0
AEEEM,lucene,DecisionTree,15,0.6242367437022042,0.05768947363380111,0.23070685593096393,0.09824787568996061,0.3183341833835411,0.09025787890466427,0.545273972315045,0.09905936095582248,0.8305238260066921,0.034834324029427696,5.0,5.0
AEEEM,lucene,Dummy,15,0.4848917566351777,0.039518229034923254,-0.030835590010309014,0.0807263253736044,0.08666666666666667,0.07170264877443401,0.2214044576778686,0.1684075021026845,0.7916176300911503,0.016375125462921622,6.0,6.0
AEEEM,lucene,GaussianNB,15,0.7758763026690658,0.0928159093512955,0.33183348583742156,0.13636930143518797,0.399133376806698,0.12358550736319127,0.5856950712952294,0.11182570516607673,0.8682992961809162,0.030055154508865596,3.0,2.0
AEEEM,lucene,KNN,15,0.673497619583146,0.07298675965017269,0.2982938934280918,0.2044634699997951,0.2816806722689076,0.18225434701917767,0.37847175212931705,0.2171793281291994,0.895488635052498,0.016590146849234336,4.0,3.0
AEEEM,lucene,LogisticRegression,15,0.7794451473234367,0.05712968634534792,0.2641455146224634,0.09127681781153961,0.35800050595240246,0.071592865146348,0.6483306976600868,0.08466886185881077,0.781764162916811,0.032407056126448355,2.0,4.0
AEEEM,lucene,RandomForest,15,0.7971467095891438,0.07948084804204235,0.33201733516747095,0.12667470532883987,0.36998164441561937,0.11286211668276361,0.5257033135332391,0.0925020718828377,0.8837429329641168,0.022087824675036918,1.0,1.0
AEEEM,mylyn,DecisionTree,15,0.8311778379213095,0.03474521658262185,0.5977464321737359,0.050018237532810546,0.6513624815170903,0.04342885763921866,0.8099102858719369,0.0381480294694052,0.9014731397096288,0.01156125875702597,5.0,5.0
AEEEM,mylyn,Dummy,15,0.5015958354668032,0.03149465249792724,0.003129305761602082,0.06176253508504871,0.13643410852713178,0.0533702774513442,0.3396076718037868,0.0782133754863052,0.7689157201550537,0.014481496197161818,6.0,6.0
AEEEM,mylyn,GaussianNB,15,0.8818924487357668,0.025063102251984746,0.7343047580217327,0.042364551002198,0.7566374914277157,0.04009840560408102,0.8124750609459769,0.03299927617718193,0.9437833375257187,0.008542541434684362,3.0,1.0
AEEEM,mylyn,KNN,15,0.8564203728086216,0.04046349878400832,0.7176285238411482,0.035647307777209127,0.726504443905988,0.04163035082912054,0.7715774358842078,0.039514007814162345,0.9412975755113098,0.006541391477805339,4.0,2.0
AEEEM,mylyn,LogisticRegression,15,0.9421009700176366,0.0151299480107305,0.6481239297893668,0.07021500567638826,0.6941564445244933,0.060515036542507956,0.8373055704280421,0.0369188057660686,0.9128738479002599,0.021696897029839943,1.0,4.0
AEEEM,mylyn,RandomForest,15,0.9107886422191337,0.027929029402335454,0.7174355578242804,0.053486976104989974,0.7338433380921414,0.04952336254229852,0.784627570108753,0.03626419340515008,0.9410847313325981,0.010383941512874535,2.0,3.0
AEEEM,pde,DecisionTree,15,0.6656797585468566,0.032136603910872745,0.29251876752626155,0.06689772659277037,0.4041727649111842,0.054047383720788746,0.624544579807835,0.04192242287916817,0.8042745872014164,0.02647310672973225,5.0,5.0
AEEEM,pde,Dummy,15,0.479820806371329,0.025408868059060005,-0.03875943260339332,0.04889041547008629,0.11992337164750957,0.041498181880772325,0.3194871453067757,0.05853912722851253,0.7305872988799818,0.012524353741332992,6.0,6.0
AEEEM,pde,GaussianNB,15,0.7619354176049049,0.050244493535417545,0.42257804611902977,0.05975796365865568,0.47456639447332155,0.05814418697488613,0.6112166242652382,0.05546364223392268,0.8742533888875352,0.011275286658989437,3.0,2.0
AEEEM,pde,KNN,15,0.6888101163810472,0.052282718911475096,0.4226407606713061,0.061699466512543946,0.44079770352002107,0.05919462564486619,0.5594361853760078,0.045988105016199946,0.8814535058437497,0.010680392173537934,4.0,1.0
AEEEM,pde,LogisticRegression,15,0.7755881864941099,0.04245402975026992,0.36970487690641085,0.06152977397580743,0.469105619532181,0.04997167637647372,0.6891912068196527,0.04731297674380954,0.8177700348432055,0.02153348967293144,2.0,4.0
AEEEM,pde,RandomForest,15,0.7892669495208071,0.03440298776238901,0.41407520739726744,0.06003862545707853,0.4318565634106207,0.055432658792282666,0.5533249359245933,0.0447530539215267,0.8795935771545528,0.010828882627721735,1.0,3.0
ApacheJIT,dataset_apachejit_total,DecisionTree,15,0.7291556316858628,0.0034112797620411365,0.41389883199632055,0.006540075646940987,0.5788211864061807,0.004569737478742226,0.7093442982074816,0.003583471622444912,0.7599085689238779,0.00306164153335546,4.0,4.0
ApacheJIT,dataset_apachejit_total,Dummy,15,0.5006004628479657,0.002270833146581525,0.0012031325128179715,0.0045500055267987715,0.2657263063304974,0.0033444858207667912,0.44167061618146136,0.003140160839613275,0.6110640546508334,0.00177223094887549,6.0,5.0
ApacheJIT,dataset_apachejit_total,GaussianNB,15,0.6283748440280602,0.004198677728911156,0.0,0.0,0.0,0.0,0.0,0.0,0.7343985246653282,1.6383937096402665e-05,5.0,6.0
ApacheJIT,dataset_apachejit_total,KNN,15,0.8001566956938898,0.003442907115210118,0.46882551689189117,0.007129800402864712,0.5875423652508354,0.006050681246827439,0.6885406617698524,0.004981657351291566,0.805172891713407,0.0024553058408175676,3.0,2.0
ApacheJIT,dataset_apachejit_total,LogisticRegression,15,0.80764147513892,0.0032607841357206882,0.4387088424390903,0.006815670605371139,0.5999748857204449,0.00495960352343985,0.7304327627533944,0.004267097707985827,0.7626185648286529,0.002450026206909628,2.0,3.0
ApacheJIT,dataset_apachejit_total,RandomForest,15,0.8733810528280165,0.0035072083434591964,0.5772572670304484,0.005778812131012799,0.669012112204307,0.0044884332663153986,0.7446847373585221,0.0032685610012849475,0.8440981571295649,0.0020583108498835774,1.0,1.0
BugHunter,full_Android-Universal-Image-Loader_file,DecisionTree,15,0.3238095238095238,0.10025859197280952,-0.316059206680092,0.17066263690457914,0.31403253912368617,0.10320871899195318,0.3281882483418874,0.08887293535666146,0.34375,0.0859882155547242,5.0,5.0
BugHunter,full_Android-Universal-Image-Loader_file,Dummy,15,0.6068783068783069,0.07763804994100414,0.21903534970622635,0.15911065506211644,0.5333333333333333,0.09406148358237042,0.5959811504005945,0.081386180883261,0.6208333333333333,0.07642495541067597,1.0,1.0
BugHunter,full_Android-Universal-Image-Loader_file,GaussianNB,15,0.4917989417989418,0.06200364701352912,-0.040043915889853024,0.1369306058433014,0.28670211179566407,0.1061311603796048,0.3950196570038413,0.08276472472205702,0.5104166666666666,0.060993754559283304,2.0,2.0
BugHunter,full_Android-Universal-Image-Loader_file,KNN,15,0.3371693121693121,0.08251087860108838,-0.23979763356686465,0.1672913755312618,0.26277222819751556,0.09632750929577548,0.34893778398654185,0.08544328619025199,0.4,0.08533678029682495,4.0,4.0
BugHunter,full_Android-Universal-Image-Loader_file,LogisticRegression,15,0.44523809523809527,0.05449671238127902,-0.07383079174456612,0.10838172245809663,0.37727533700093724,0.0997957839693538,0.4378935089801433,0.0634027964883141,0.475,0.05175491695067657,3.0,3.0
BugHunter,full_Android-Universal-Image-Loader_file,RandomForest,15,0.27936507936507937,0.09501698634030487,-0.3675256478321195,0.14660290265215786,0.22281884863184537,0.08826436199637427,0.29082143642682345,0.07950123038690454,0.33125,0.07727213044078145,6.0,6.0
BugHunter,full_BroadleafCommerce_file,DecisionTree,15,0.5690241016579788,0.020762423496666748,0.08752375673175153,0.030565712704996008,0.5339430395822078,0.014350390602638314,0.542213053655577,0.015803154941560267,0.5405128143621604,0.016039664001559675,5.0,5.0
BugHunter,full_BroadleafCommerce_file,Dummy,15,0.4989236951338982,0.012160640419297687,-0.002146036320736715,0.02424477948564694,0.4641110004297833,0.012961501889283118,0.49839243204298056,0.01222974284081072,0.5010374625943761,0.012054929370058046,6.0,6.0
BugHunter,full_BroadleafCommerce_file,GaussianNB,15,0.6251395660015171,0.027004181527166125,0.2569666607929111,0.032920549203475286,0.44887697214804106,0.017335750785962376,0.5396825886866685,0.013619889501723275,0.6311164816624988,0.012871749704420503,4.0,1.0
BugHunter,full_BroadleafCommerce_file,KNN,15,0.6433156465648969,0.012582694690949118,0.20608756305906964,0.02598570545127397,0.5570380299883114,0.012599143390591478,0.5991234566927578,0.01189622182607108,0.6078039575499891,0.01355818302675725,2.0,3.0
BugHunter,full_BroadleafCommerce_file,LogisticRegression,15,0.6644202165330444,0.01903574987682572,0.23008357913518776,0.03224565315877629,0.5115727361328205,0.023559159680264855,0.5821108912814504,0.018224497615727964,0.6233818881819218,0.01483543559016759,1.0,2.0
BugHunter,full_BroadleafCommerce_file,RandomForest,15,0.6291438181303167,0.014274735662251644,0.16465572740431894,0.027840517664603742,0.533748428430314,0.01756083949326092,0.5783101633060894,0.014362104131394392,0.5874924788959319,0.01382740230763794,3.0,4.0
BugHunter,full_MapDB_file,DecisionTree,15,0.3652910422651862,0.03288042625015607,-0.22625583931998364,0.05868526273973874,0.3669404119397198,0.05029771371577261,0.3801593389803595,0.030586904385087408,0.3885773624091381,0.029086579200731367,5.0,5.0
BugHunter,full_MapDB_file,Dummy,15,0.48969252271139063,0.038012774793117474,-0.02065418844592377,0.07615831742536089,0.5054217854217854,0.03672302188403513,0.48871171058471063,0.038097149709052536,0.48975424022152997,0.037988230765002795,3.0,3.0
BugHunter,full_MapDB_file,GaussianNB,15,0.545535367652768,0.05568693240410937,0.04908257435893313,0.10065150358426851,0.33903528593301235,0.05241030863633911,0.43881103471438493,0.04097591109248184,0.5177166262836045,0.03939044214553608,1.0,1.0
BugHunter,full_MapDB_file,KNN,15,0.4575918161347931,0.046860942112049137,-0.10037306052910028,0.10462601441468315,0.4580718963087674,0.06399980585977529,0.44714888866656727,0.05313240060486914,0.4500807661243798,0.052125106668393206,4.0,4.0
BugHunter,full_MapDB_file,LogisticRegression,15,0.5327993029134422,0.05548853023648641,0.017470198654603024,0.0985361425975117,0.42120037282870953,0.05990342132006073,0.4836044678027966,0.049582770497503585,0.5077593169493481,0.0467712665182573,2.0,2.0
BugHunter,full_MapDB_file,RandomForest,15,0.3599274443322894,0.03629951921358488,-0.23477823612231488,0.04924740639454669,0.3752503947069273,0.035784940893573876,0.38011022907213976,0.02451935600116178,0.38302180685358256,0.024472120824513575,6.0,6.0
BugHunter,full_antlr4_file,DecisionTree,15,0.4327300296812492,0.049801875888182204,-0.10940752932510085,0.10437972379203271,0.4033653054326272,0.056292402485841074,0.4428064863878548,0.05299867860258841,0.44371413667188314,0.05283757009758524,6.0,5.0
BugHunter,full_antlr4_file,Dummy,15,0.4856794425087108,0.034758481973134095,-0.02895938014706624,0.07029705712585677,0.38620689655172413,0.04162488704291154,0.47230730733866966,0.03708757651372002,0.5041471048513302,0.0339519443587923,4.0,4.0
BugHunter,full_antlr4_file,GaussianNB,15,0.5694986449864499,0.05801977396971201,0.050416859937580334,0.126709986404747,0.5359385635041642,0.09455298427556065,0.4505342238741573,0.08553953485142594,0.4900886802295253,0.05895513645716049,1.0,1.0
BugHunter,full_antlr4_file,KNN,15,0.5349316040779455,0.0755917328075092,0.02058021512615419,0.12615297946764245,0.4335074803725332,0.08262542119962368,0.5028910146099835,0.06786785162436158,0.5217788210745957,0.05942449846148185,2.0,2.0
BugHunter,full_antlr4_file,LogisticRegression,15,0.5329184410891729,0.0729283080751256,0.019149645850058288,0.1540070866182939,0.4446476757609454,0.0957740285992742,0.4946678542580928,0.08360953026619526,0.5161189358372457,0.08005095431748009,3.0,3.0
BugHunter,full_antlr4_file,RandomForest,15,0.45074203122983614,0.07138200559038957,-0.11779191952469849,0.10179604457384513,0.34943834033335336,0.07751032294012583,0.42798553884201734,0.05910199591823622,0.45586854460093895,0.045859170523487126,5.0,6.0
BugHunter,full_ceylon-ide-eclipse_file,DecisionTree,15,0.3808196628475791,0.029948423133479018,-0.19488615867541317,0.05769115468480531,0.30465377320529613,0.03776863563325572,0.39288569030856213,0.031215607439474997,0.4158894645941278,0.030682442820314283,6.0,5.0
BugHunter,full_ceylon-ide-eclipse_file,Dummy,15,0.48840237502849665,0.02688104241817255,-0.023559066790231654,0.05457903386475396,0.35570448070448074,0.03400800621145616,0.4661226635912721,0.030017177600169902,0.5219343696027634,0.025643867460668,3.0,3.0
BugHunter,full_ceylon-ide-eclipse_file,GaussianNB,15,0.5671090580681807,0.028251591620023046,0.06791553558584774,0.06167317817509639,0.2246512185860521,0.05268062122603915,0.36181482206442656,0.04827982115850513,0.6096718480138169,0.01945265565697213,1.0,2.0
BugHunter,full_ceylon-ide-eclipse_file,KNN,15,0.44425682369451064,0.039142876633116414,-0.09229835338518178,0.06732382045474822,0.2732889913316124,0.049548932623011015,0.40131011401105304,0.0432829012299421,0.5063903281519863,0.03024179126854686,4.0,4.0
BugHunter,full_ceylon-ide-eclipse_file,LogisticRegression,15,0.554328789692698,0.040525841593846805,0.08715835370190443,0.06418220821242034,0.3830857087197599,0.054717261721113374,0.49775853451259805,0.04426046640954924,0.5882556131260794,0.025448702006822206,2.0,1.0
BugHunter,full_ceylon-ide-eclipse_file,RandomForest,15,0.388848343857317,0.028054246150352163,-0.21107623926788077,0.05012806012553938,0.24596043522985553,0.036061110049352446,0.3627755006233497,0.03027221256764066,0.4307426597582038,0.02655493069952688,5.0,6.0
BugHunter,full_elasticsearch_file,DecisionTree,15,0.36456904614455715,0.007603826911029409,-0.23447012367241063,0.012364859829848824,0.41421204600902745,0.007853700961753496,0.3780327321508619,0.006113233850334931,0.38194856577645897,0.006110795264926589,5.0,5.0
BugHunter,full_elasticsearch_file,Dummy,15,0.5007461268741659,0.006741932308149233,0.0014922039044699515,0.013483574983747564,0.48647470019872424,0.006923643050663355,0.5005481933973119,0.006750131506534576,0.5011539729640621,0.006736905778634618,3.0,3.0
BugHunter,full_elasticsearch_file,GaussianNB,15,0.5343837357131276,0.007672435703908329,0.06933680594173869,0.012441527929361833,0.30742491304141983,0.007044048109227661,0.422479994284949,0.005695292156083111,0.5359874711506759,0.0047296969715403,2.0,1.0
BugHunter,full_elasticsearch_file,KNN,15,0.43194507944996474,0.006100226616318859,-0.13280380710151432,0.011474492909692761,0.4125445831977436,0.006442522948941636,0.4328883133222412,0.0056659104283338264,0.4343554236729311,0.005804397491883789,4.0,4.0
BugHunter,full_elasticsearch_file,LogisticRegression,15,0.5411026261623433,0.007599317949393326,0.0657932772354942,0.016860087896782422,0.4259175021628635,0.008619490031005535,0.5005878993958556,0.007089625480501346,0.5358391031981536,0.00787559327670601,1.0,2.0
BugHunter,full_elasticsearch_file,RandomForest,15,0.32956439159044,0.006482927748695889,-0.26221063393996286,0.012534852055570712,0.3439708121119246,0.00862071294081167,0.367822550518866,0.006366564180731934,0.36984833498186614,0.0062268169502940176,6.0,6.0
BugHunter,full_hazelcast_file,DecisionTree,15,0.31738284637804515,0.007011807930307435,-0.30422238009603964,0.01181746430335655,0.3044864174618175,0.007130869353235986,0.34267334366853874,0.005871600587346084,0.34849094567404426,0.0058825241866021505,5.0,5.0
BugHunter,full_hazelcast_file,Dummy,15,0.4978419579942915,0.008501916416286495,-0.00431570956162952,0.0170023972278638,0.5011708166272754,0.008436373539664432,0.4978419162234436,0.008501951653971237,0.4978442081057775,0.008500475380543897,3.0,3.0
BugHunter,full_hazelcast_file,GaussianNB,15,0.5253740533587228,0.010377485594473594,0.03764414866522051,0.01324443032196103,0.2248844624921281,0.011627710979594882,0.3529796686928117,0.010250325454207182,0.5077704321165085,0.004603981777271393,2.0,2.0
BugHunter,full_hazelcast_file,KNN,15,0.4017632676165306,0.009167608872413798,-0.17212273634242156,0.015133274300262303,0.43434836537213767,0.007587170633786469,0.4128644034458471,0.007865405552410266,0.41448692152917505,0.007455227427246721,4.0,4.0
BugHunter,full_hazelcast_file,LogisticRegression,15,0.534247745820798,0.006095997046012768,0.04755136361805195,0.014795954639825542,0.3971714436352204,0.01115826808580427,0.4779160653389825,0.007964952997956107,0.5188655743987736,0.006640369332205711,1.0,1.0
BugHunter,full_hazelcast_file,RandomForest,15,0.27912572581855255,0.007543061616964183,-0.34056918946002407,0.012095988864215288,0.33649417363138084,0.0075349132422984815,0.32956657117191424,0.006119561191833373,0.32980741592411617,0.006008583377639044,6.0,6.0
BugHunter,full_junit_file,DecisionTree,15,0.3957856105405125,0.07422852778486114,-0.22423663004199318,0.11525872466105457,0.36181412477705344,0.06853890197979726,0.3762873097873404,0.05530157426220479,0.38929374718848403,0.05875233586711689,5.0,6.0
BugHunter,full_junit_file,Dummy,15,0.5664659197012137,0.04402067440030253,0.1353502165967679,0.08962374345456961,0.5036096256684492,0.05290042632708978,0.5579107196305431,0.04539964174061752,0.5740890688259109,0.04312022221672901,1.0,1.0
BugHunter,full_junit_file,GaussianNB,15,0.5012641352837431,0.09128113665495488,-0.02183569266408292,0.15259172840258822,0.4249908879850292,0.15857638188841064,0.417733850877268,0.09734445058360627,0.4901484480431849,0.06815343763031836,3.0,2.0
BugHunter,full_junit_file,KNN,15,0.4136012553169416,0.07635088533773458,-0.12233406274817012,0.17395123553503322,0.4000041150675326,0.09311920021833427,0.4297147015848942,0.08887978564982592,0.4415204678362573,0.08775698300226903,4.0,4.0
BugHunter,full_junit_file,LogisticRegression,15,0.5050643220251063,0.07483161983443044,-0.03822223336448886,0.1665895352130656,0.4187678229065549,0.08698659580274214,0.4625572206545344,0.0851361879294049,0.4865497076023392,0.0841259787655496,2.0,3.0
BugHunter,full_junit_file,RandomForest,15,0.38346768336964415,0.07849192621609223,-0.21593038608254125,0.14261051807651295,0.33985237567456295,0.07546810610478687,0.3821327471519799,0.06789077098317665,0.39613135402609084,0.07185271559185921,6.0,5.0
BugHunter,full_mcMMO_file,DecisionTree,15,0.3696298230093876,0.04471568184247018,-0.2172232820115337,0.07137901136541583,0.3294225646903109,0.04564131406672581,0.3863185174600196,0.036435546386945857,0.3960526315789474,0.0361371874908208,5.0,5.0
BugHunter,full_mcMMO_file,Dummy,15,0.5013775732174609,0.025756252332804142,0.00279278503453808,0.0521503155982763,0.40498467279754763,0.03117571632518214,0.48869358255370354,0.0273837404399216,0.5192982456140351,0.02504777126881533,3.0,3.0
BugHunter,full_mcMMO_file,GaussianNB,15,0.5305618340642919,0.044782904012902185,0.06516630150445277,0.07500778534452231,0.3121598462700204,0.05305742101251546,0.43391142690242496,0.04485505133986767,0.5732456140350877,0.0295128744998724,1.0,1.0
BugHunter,full_mcMMO_file,KNN,15,0.43972938782893134,0.024586608807620633,-0.09542942811076076,0.04319075835784601,0.2993028324011771,0.04446049855575361,0.4098511357934782,0.03290966605481951,0.48596491228070177,0.02078463507665587,4.0,4.0
BugHunter,full_mcMMO_file,LogisticRegression,15,0.5241145085992347,0.04642653737002204,0.062223342665837164,0.08072189722575969,0.41884524616765834,0.057869117796433535,0.5079682415470759,0.04678127889925296,0.5535087719298245,0.03761825657584834,2.0,2.0
BugHunter,full_mcMMO_file,RandomForest,15,0.3611795656454189,0.03915217850804948,-0.24755176983985186,0.06786165246263055,0.2622763968163123,0.04524747794153804,0.3546427389755477,0.038215641192882545,0.3969298245614035,0.036262446748522366,6.0,6.0
BugHunter,full_mct_file,DecisionTree,15,0.336574074074074,0.11461689824248343,-0.2794942501401039,0.19984470854454525,0.10481481481481482,0.13940960588430049,0.1604690080964665,0.20937755740153152,0.45454545454545453,0.14167158590435994,6.0,6.0
BugHunter,full_mct_file,Dummy,15,0.5296296296296297,0.12026603129463748,0.06415002990995843,0.2582415778337134,0.26666666666666666,0.19518001458970666,0.371180861857548,0.27314080983617073,0.6666666666666666,0.0887181884498667,1.0,1.0
BugHunter,full_mct_file,GaussianNB,15,0.45694444444444443,0.1922745994793339,-0.0823773327941547,0.12146221016053556,0.06666666666666667,0.11728859175816614,0.10404401145198809,0.1817813944618014,0.6484848484848484,0.15695849798757489,3.0,4.0
BugHunter,full_mct_file,KNN,15,0.4439814814814815,0.19858937239968294,-0.019148982418740478,0.27140727466741926,0.12666666666666665,0.2275473088783468,0.15874497399219473,0.27778895275480975,0.6787878787878788,0.09637262067078362,4.0,2.0
BugHunter,full_mct_file,LogisticRegression,15,0.4699074074074074,0.15168409642661804,-0.052237799524191865,0.24960390910606903,0.2597450697450697,0.18327129630131395,0.3592122574816727,0.24120209533616757,0.5393939393939393,0.15919909741289331,2.0,3.0
BugHunter,full_mct_file,RandomForest,15,0.3486111111111111,0.18724630102802364,-0.1511524048702905,0.18699643693104148,0.10682539682539684,0.15927960459965051,0.16588622130092165,0.24656429364749202,0.5818181818181818,0.09596339325668138,5.0,5.0
BugHunter,full_neo4j_file,DecisionTree,15,0.34729657964778526,0.010903760089017908,-0.26040421246457607,0.021297849641828716,0.36909915658586934,0.014543852461175583,0.3683697196599602,0.010805030137752594,0.36789785681714543,0.010715151941637729,5.0,5.0
BugHunter,full_neo4j_file,Dummy,15,0.5045347075600793,0.013825755235660655,0.009079348873072329,0.027676033178406525,0.4665679012345679,0.014893617577200435,0.5028962856114153,0.013922101033936441,0.5074327405380757,0.013752656449535277,3.0,3.0
BugHunter,full_neo4j_file,GaussianNB,15,0.5323578892888436,0.017890286076097734,0.036818831649643946,0.03700834599177444,0.2110489643996006,0.026016504608235975,0.3434701248996231,0.023556127044291046,0.5388964888280893,0.011886182732343525,1.0,1.0
BugHunter,full_neo4j_file,KNN,15,0.38574023119572315,0.019437542187379146,-0.19395256598740912,0.030016355447267513,0.3374417419005878,0.019526775435897134,0.39553679156691807,0.015464696394958679,0.4095759233926129,0.014956998110674387,4.0,4.0
BugHunter,full_neo4j_file,LogisticRegression,15,0.5251396850300222,0.019739995198941897,0.034959197560871215,0.035553798904067575,0.3785475470126271,0.029647377447362566,0.4718426684943298,0.022867338915697394,0.5308709530323757,0.015610039368843783,2.0,2.0
BugHunter,full_neo4j_file,RandomForest,15,0.27665759692737063,0.016135818015491268,-0.33753784184741803,0.0346666108547656,0.27049845719366256,0.02747404128329667,0.32421029814624597,0.01873526755774214,0.33679890560875514,0.017134613897976905,6.0,6.0
BugHunter,full_netty_file,DecisionTree,15,0.3803664547010932,0.018275218539567928,-0.20550557947524997,0.03240299783380212,0.34443408631196315,0.01772967209247081,0.395169543760067,0.016462769635639512,0.39961956439244145,0.01642802666201263,5.0,5.0
BugHunter,full_netty_file,Dummy,15,0.4961654140367656,0.013083050355692917,-0.007683589037669429,0.026215228696144337,0.4154715341156019,0.015161918530193984,0.4890183537011954,0.013588345426149367,0.5090512038206536,0.01278391422587939,3.0,3.0
BugHunter,full_netty_file,GaussianNB,15,0.5304500854554274,0.02550494216090967,0.05821486815913806,0.029946342587550173,0.24116116805809404,0.01490214499148913,0.37449064144240174,0.013001345755564664,0.575336556091084,0.010935211969386726,2.0,1.0
BugHunter,full_netty_file,KNN,15,0.417939112712733,0.014180723985376021,-0.1452043856336699,0.030495294420326294,0.2874854714540446,0.022432097867405968,0.3945030935279256,0.01838251657428547,0.4567833298581236,0.014529543947425698,4.0,4.0
BugHunter,full_netty_file,LogisticRegression,15,0.5338884344373223,0.02341838990601949,0.05720388601929839,0.03417610976408317,0.39906697619908826,0.020964955380057257,0.49593029156102003,0.016895415536615655,0.5540173824400446,0.01665823929336833,1.0,2.0
BugHunter,full_netty_file,RandomForest,15,0.3310450025808475,0.015328846915681966,-0.2554142331335,0.02204590987363968,0.25219202302640203,0.01819233616753733,0.34949018020343886,0.014043163340628908,0.3945845047186957,0.010249745522404147,6.0,6.0
BugHunter,full_orientdb_file,DecisionTree,15,0.4125376083593475,0.014930875741391765,-0.16239166138563446,0.02769303695079267,0.40842201214524215,0.019621126603302032,0.4176241352618864,0.013522547184134258,0.41656050955414015,0.013308466095564858,6.0,6.0
BugHunter,full_orientdb_file,Dummy,15,0.5082292158363841,0.015125033014476803,0.016474169226918564,0.030277430085992457,0.46223944752603546,0.016699526716247904,0.5059196828486912,0.01532200670816275,0.5125265392781316,0.01497766848845261,3.0,3.0
BugHunter,full_orientdb_file,GaussianNB,15,0.6213509483029753,0.013461993923090478,0.1381911461257362,0.025767167533338794,0.27310853519856054,0.03185065548964593,0.39881617058335306,0.0272675855864054,0.5789384288747346,0.008758058289373701,2.0,2.0
BugHunter,full_orientdb_file,KNN,15,0.5002406814482099,0.016126674643315433,-0.03807213442081938,0.03500364159576554,0.41406137657702763,0.022457209455286155,0.4734667869267051,0.018414203120969436,0.48866242038216556,0.017062456713633854,4.0,4.0
BugHunter,full_orientdb_file,LogisticRegression,15,0.6250529062075287,0.013668563373274937,0.16805645149162707,0.031798191544223996,0.46522441437882905,0.0270392435278972,0.5449800790448474,0.020333657387500936,0.5943949044585987,0.01448296960389803,1.0,1.0
BugHunter,full_orientdb_file,RandomForest,15,0.4210735759025854,0.012997226993559567,-0.1520840263866918,0.02816623394416259,0.3572848947718914,0.018530870316822278,0.4169053486575533,0.014305293367850776,0.4313375796178344,0.014458939440334244,5.0,5.0
BugHunter,full_oryx_file,DecisionTree,15,0.4586208347846279,0.043444348301490555,-0.05916395991604805,0.07385900933384307,0.14485149186082819,0.061532384980091684,0.37210134514582477,0.08857004292425273,0.6471730439748715,0.03137401519064404,6.0,4.0
BugHunter,full_oryx_file,Dummy,15,0.5198850574712643,0.03791175719142135,0.0425042918528996,0.08156129271028999,0.17389162561576352,0.06985080728987976,0.3679409603561195,0.08317818083794667,0.7713179770289993,0.019956366527254982,5.0,2.0
BugHunter,full_oryx_file,GaussianNB,15,0.5676290200859166,0.05380890278263275,-0.0028307989124376977,0.01096363704433327,0.0,0.0,0.0,0.0,0.8492670854749667,0.0057949156198560245,3.0,3.0
BugHunter,full_oryx_file,KNN,15,0.5687035585742481,0.0851669515083873,-0.06171053726658378,0.030179985160725026,0.005333333333333333,0.02065591117977289,0.01629861820217063,0.06312427686319992,0.8199949235357573,0.020653261764570403,2.0,5.0
BugHunter,full_oryx_file,LogisticRegression,15,0.6037288110995007,0.07337498701811669,0.12889635761906873,0.11465686910013824,0.29676089687782425,0.07049175788387295,0.5790215663039666,0.0806819313369224,0.6075068214988261,0.04234389550124316,1.0,1.0
BugHunter,full_oryx_file,RandomForest,15,0.563797747590851,0.07002659761600949,-0.09794192468719966,0.05719353306581171,0.07131002896390365,0.043656577252538964,0.22513395826555127,0.10426123833427861,0.7121708230217654,0.034981449169025826,4.0,6.0
BugHunter,full_titan_file,DecisionTree,15,0.38178375915218027,0.06757983963297962,-0.19390637368282612,0.12196961073976484,0.3206903633335454,0.0716871021294856,0.39428075290752557,0.0645646631011394,0.4126772635187782,0.061739610616410256,5.0,5.0
BugHunter,full_titan_file,Dummy,15,0.4663902384955017,0.024526629459817366,-0.067316437311762,0.04912564819586387,0.36115315315315316,0.029746089644761275,0.4539698661417266,0.02663655799756828,0.4870032725572698,0.02352018878750863,3.0,3.0
BugHunter,full_titan_file,GaussianNB,15,0.525818231081389,0.06227873213100688,0.01326016152473964,0.09044668934600365,0.21578861165998503,0.05977109852317223,0.35142267702124313,0.05709023263944975,0.5735468287361696,0.030956203302900557,1.0,2.0
BugHunter,full_titan_file,KNN,15,0.42186878436878433,0.047141563903530345,-0.14323135177971688,0.07937091574302617,0.26053311072456964,0.05470147481613155,0.38012703424334143,0.047577178782607296,0.4711703288140876,0.03950260530442108,4.0,4.0
BugHunter,full_titan_file,LogisticRegression,15,0.5206388822178296,0.04418306156306732,0.0549997184428385,0.10655285647192729,0.36648550804210217,0.06198715233186653,0.4773235256772024,0.05374715240460761,0.565723858500857,0.05181994446414019,2.0,1.0
BugHunter,full_titan_file,RandomForest,15,0.3455607384554753,0.050513719314190714,-0.24560817089388284,0.07765420172138607,0.23481261127074735,0.0420325724488183,0.34401754027179987,0.03844403280712576,0.40903849150693466,0.044750511205038944,6.0,6.0
JIRA,activemq-5.8.0,DecisionTree,15,0.667666703797447,0.03511086982283585,0.31659910999317636,0.05683888576210005,0.3669014779252718,0.05430880962376045,0.6016170264211543,0.056988465280001774,0.9032448377581122,0.009846878588746681,5.0,4.0
JIRA,activemq-5.8.0,Dummy,15,0.4915466715515879,0.016455761875164576,-0.015480397179109685,0.030093318083926218,0.06579073100812231,0.027525418485866378,0.2528849693726433,0.05076629685915603,0.8492035398230088,0.004497505981159886,6.0,6.0
JIRA,activemq-5.8.0,GaussianNB,15,0.7944873246755157,0.037083730988347184,0.04501901446923395,0.157561187323518,0.1846228986641554,0.10240147927683121,0.15318745745052775,0.26785023246982065,0.23598820058997053,0.33618447328005113,3.0,5.0
JIRA,activemq-5.8.0,KNN,15,0.7767291051732264,0.04374251145851386,0.40887531859291587,0.06598249388411971,0.38229291923392084,0.06294590269437764,0.5089426016089278,0.05261080320910739,0.9382890855457227,0.005591618640091474,4.0,2.0
JIRA,activemq-5.8.0,LogisticRegression,15,0.8673045803668334,0.026024611239314162,0.3818605851484947,0.04235953493575368,0.4046013721331585,0.03341517198465515,0.7777686421688801,0.0386143499553185,0.848259587020649,0.01539294947986585,2.0,3.0
JIRA,activemq-5.8.0,RandomForest,15,0.892530945052836,0.022816138319892827,0.45993517172157444,0.045110505952561476,0.4396247083321231,0.05259510612895854,0.5563611348701368,0.04590952313783165,0.9420648967551623,0.0038699803619713013,1.0,1.0
JIRA,derby-10.5.1.1,DecisionTree,15,0.654089885262598,0.021879328902728746,0.2815553034806052,0.03298461352449617,0.3906371095200332,0.028789108107525205,0.6088826806467648,0.029661374957614783,0.8110147586091887,0.011701212197588295,5.0,4.0
JIRA,derby-10.5.1.1,Dummy,15,0.49858531266639133,0.03002732883159056,-0.002626420811079657,0.05646693556355364,0.15133503711816967,0.04774132578937406,0.3648484439166421,0.06239045590489204,0.7379086874751013,0.014562267160725827,6.0,6.0
JIRA,derby-10.5.1.1,GaussianNB,15,0.7825382717441429,0.02689557446367528,0.07418437364942959,0.07092368938048396,0.0397808610456547,0.03200356024091766,0.12070922421821333,0.08223002482071415,0.8572667389310431,0.003533777179928872,3.0,5.0
JIRA,derby-10.5.1.1,KNN,15,0.7634730398604518,0.03220224097107012,0.3974211851183119,0.043553829009811355,0.4403952770817877,0.04173881478068275,0.5753140870774487,0.035544209953139054,0.8752941530707727,0.008353068763554015,4.0,2.0
JIRA,derby-10.5.1.1,LogisticRegression,15,0.8198509441838513,0.01697487171974901,0.3965705580160411,0.03700656989946923,0.48769062490512116,0.029998548333476354,0.7398572993548929,0.02296640889875189,0.7990807137496873,0.019456260282435106,2.0,3.0
JIRA,derby-10.5.1.1,RandomForest,15,0.8482878788202519,0.021106264434699033,0.41452821182120153,0.04075856710804901,0.4493565873101729,0.03634420562053227,0.5770897137682542,0.02921337081565651,0.8795220823258011,0.0083138506598848,1.0,1.0
JIRA,groovy-1_6_BETA_2,DecisionTree,15,0.7485175202156334,0.060709633081044156,0.4702072152322245,0.10097691753522527,0.5151938809141257,0.09128481535049071,0.7149661854432733,0.07503869831173046,0.9143799968994308,0.01619464475788013,4.0,2.0
JIRA,groovy-1_6_BETA_2,Dummy,15,0.46641509433962264,0.015103321676172276,-0.07062385716552393,0.03171134883294918,0.014285714285714285,0.029574238257529466,0.04965288314923361,0.10279123375000933,0.8433193807720417,0.004375026741153097,6.0,6.0
JIRA,groovy-1_6_BETA_2,GaussianNB,15,0.6925207147848658,0.04489592189722869,-0.018891228544616105,0.13817123125825045,0.1630386431683752,0.03577894073224711,0.08103834528179812,0.17071085635654554,0.24271255509047018,0.3325227028013624,5.0,5.0
JIRA,groovy-1_6_BETA_2,KNN,15,0.8676350204652092,0.0649204223864259,0.46301306264223485,0.13914913480541055,0.485618593740638,0.13237934426537465,0.6277270070929347,0.11064185060491731,0.9278298230460877,0.017825177819052223,2.0,3.0
JIRA,groovy-1_6_BETA_2,LogisticRegression,15,0.8600998302885096,0.07043049203682802,0.4309875333754329,0.10491033657540799,0.45833990065454383,0.08826863601306571,0.7998396917886944,0.07309309017284567,0.8457001749606892,0.04125264444686689,3.0,4.0
JIRA,groovy-1_6_BETA_2,RandomForest,15,0.9268363781571328,0.03241351576279767,0.5290632012865627,0.1229057921186433,0.5451668374158182,0.1165451047558407,0.6663688629641241,0.08976679491317538,0.9362567271277656,0.01604572649530647,1.0,1.0
JIRA,hbase-0.95.2,DecisionTree,15,0.6246360332085086,0.02085720762248372,0.22459701205466667,0.03505941731418424,0.44238900045150004,0.024811342180424596,0.5989654514800845,0.021783655892538705,0.6836895980731598,0.01888854432955896,5.0,4.0
JIRA,hbase-0.95.2,Dummy,15,0.5056308756518577,0.034251360459521596,0.011633354649166526,0.07059416249786682,0.26182858875706005,0.05293250935088325,0.4348799963458486,0.04916312071211663,0.6254764413668524,0.026387871097188976,6.0,6.0
JIRA,hbase-0.95.2,GaussianNB,15,0.7085153090752078,0.03170974141402424,0.05240895479773648,0.06091448983709176,0.04042615614563959,0.03219197858508569,0.1298940512101135,0.06824700282309237,0.7345772492347835,0.005396731968417005,4.0,5.0
JIRA,hbase-0.95.2,KNN,15,0.7241818704966422,0.018576929235862183,0.32188701793061814,0.0573369252342291,0.45120693444278687,0.04150802623474738,0.5770998227573735,0.031461874017750004,0.7612940940338201,0.02134096241167208,3.0,3.0
JIRA,hbase-0.95.2,LogisticRegression,15,0.768909138390925,0.023021586862231616,0.36765177683308004,0.05076064977994017,0.5503811712731644,0.03489597977672878,0.6909735422408834,0.028979388268942946,0.7309027046013347,0.02430169817291324,2.0,2.0
JIRA,hbase-0.95.2,RandomForest,15,0.7781634547000796,0.02008852609658671,0.38503419115586784,0.03794314293496218,0.5024521748000126,0.033060282491509274,0.6162185747297482,0.02778344500438091,0.781617742987606,0.013015795926140527,1.0,1.0
JIRA,hive-0.12.0,DecisionTree,15,0.664225673132637,0.02555720199168593,0.3096769512623407,0.04107386937479335,0.36815386812552403,0.03902032228898166,0.603189349463388,0.04441337623190003,0.8889709422416873,0.010900253613441655,5.0,2.0
JIRA,hive-0.12.0,Dummy,15,0.492531134009744,0.020509962162315744,-0.014625762767643801,0.040163251447745636,0.07131782945736434,0.03673563408897316,0.24402256259424676,0.08762666552151047,0.8425952673075628,0.006253623118552922,6.0,6.0
JIRA,hive-0.12.0,GaussianNB,15,0.6822455200795225,0.0401788687216597,-0.0005036103067178614,0.054017123949223575,0.13968333679524134,0.039724296325526,0.11051412665507933,0.0531491343018163,0.20194701993611744,0.2892634940722538,4.0,5.0
JIRA,hive-0.12.0,KNN,15,0.7671180576157732,0.028505927008429032,0.287469443795187,0.061295801779805245,0.28491090219557696,0.05840331720689529,0.4373060771846997,0.05100301111527375,0.9188008303695766,0.006023835224318919,3.0,4.0
JIRA,hive-0.12.0,LogisticRegression,15,0.828102219028427,0.028293141542823187,0.30493744974977177,0.04247294606931209,0.3339235073683999,0.03093391974182903,0.7495387017683195,0.03424174127425076,0.7524647067045613,0.02056358120070353,2.0,3.0
JIRA,hive-0.12.0,RandomForest,15,0.8850664507192266,0.018698676975357306,0.3762409083503823,0.06613573772407733,0.3297533023128634,0.05948059716452666,0.45721225965700535,0.04943330055063242,0.9289169475117386,0.005316006199865646,1.0,1.0
JIRA,jruby-1.7.0.preview1,DecisionTree,15,0.6038254905554697,0.05872172956486165,0.1951620770304535,0.09978498604828817,0.23968998122286045,0.09475571215991105,0.48166000638133005,0.11770881042937126,0.9120199584756546,0.011838589010671202,5.0,4.0
JIRA,jruby-1.7.0.preview1,Dummy,15,0.5079362072716461,0.025747172485640665,0.016170729608874067,0.05354720921422962,0.06821152703505645,0.05032056861349275,0.21889274464786002,0.12560403622859062,0.9012296564195298,0.006164611070451999,6.0,6.0
JIRA,jruby-1.7.0.preview1,GaussianNB,15,0.850988356610807,0.06780087968511504,0.1754578492408774,0.14801930684254402,0.1985980000911072,0.09495462633406722,0.3318880565648846,0.13973674768601085,0.8239528497756347,0.3113386736526123,2.0,5.0
JIRA,jruby-1.7.0.preview1,KNN,15,0.7246071607862633,0.07000262656190004,0.25327596023199694,0.08997648655584498,0.23196344718083847,0.08129199588336637,0.38397517509650886,0.07292059849974661,0.9443774696939254,0.006520628435343816,4.0,2.0
JIRA,jruby-1.7.0.preview1,LogisticRegression,15,0.7987780809464218,0.07211592901887527,0.322301589379079,0.0690351923400113,0.33716994399264694,0.05411933253463158,0.7353261869723637,0.07081538883080131,0.8654818833299845,0.0178714693501921,3.0,1.0
JIRA,jruby-1.7.0.preview1,RandomForest,15,0.8963193256422629,0.040710821680006636,0.24028036776925063,0.11709817704118908,0.23286745246165536,0.10640156709193076,0.3871191722954153,0.10108016854044655,0.9422630768200388,0.008292754793462797,1.0,3.0
JIRA,wicket-1.5.3,DecisionTree,15,0.5707123193430365,0.04617008291543477,0.12643601651105602,0.08295751432999914,0.1647406866522497,0.07764966940885734,0.40842649885237564,0.11190308752838875,0.9210634396773011,0.011716158767806292,5.0,3.0
JIRA,wicket-1.5.3,Dummy,15,0.5099474416668093,0.02622793833721897,0.018667984578601735,0.04922097220717832,0.06222222222222222,0.04691543670326646,0.2194162957026418,0.1289009170139247,0.9163025826392164,0.004195804019906727,6.0,6.0
JIRA,wicket-1.5.3,GaussianNB,15,0.7960810954317449,0.023657041246772315,0.22143545024728828,0.061608944743435895,0.24845371260582383,0.05222610910166893,0.5976332520896466,0.08116540969711318,0.9021572633453822,0.007489870172020406,3.0,1.0
JIRA,wicket-1.5.3,KNN,15,0.6560029864942344,0.043542492542967694,0.054013252529077065,0.0868346008311289,0.03417695348130131,0.04346426815717098,0.08715153059887623,0.11048495365458517,0.9564982450626015,0.0025470697535936305,4.0,4.0
JIRA,wicket-1.5.3,LogisticRegression,15,0.7976411285558659,0.03530132090592226,0.22021533184510472,0.04625262649928028,0.2167834746473797,0.029904827874615514,0.7053183145467997,0.05844362203705883,0.8179299596626329,0.016336698516031756,2.0,2.0
JIRA,wicket-1.5.3,RandomForest,15,0.8104860752940933,0.03178140410359441,0.03457148134385025,0.08791483931471952,0.022968818620992534,0.05049057750002342,0.04963315319784269,0.10461797006502,0.9572918958562523,0.0018204661832160794,1.0,5.0
Kamei,bugzilla,DecisionTree,15,0.6903472868066022,0.021974644050090295,0.3449462886578432,0.0422475558235315,0.5939580712902572,0.026237747649222175,0.6721608041409405,0.021942127448188943,0.6901154401154401,0.020675029097898347,5.0,2.0
Kamei,bugzilla,Dummy,15,0.503955591013434,0.01529315580138662,0.007977415037708123,0.030831259146725715,0.36536536536536535,0.019713802836278348,0.4824875135821527,0.0172144492041615,0.5425685425685426,0.01420929944692788,6.0,6.0
Kamei,bugzilla,GaussianNB,15,0.6933596641255695,0.02481889525606392,0.10837974072813233,0.05272022803511733,0.5484388088487216,0.011033352095242203,0.28468011116655323,0.09625887945056355,0.4147186147186147,0.03834896809250853,4.0,5.0
Kamei,bugzilla,KNN,15,0.707144472152028,0.01726406070090534,0.30387535784025965,0.035799018134865156,0.5376055168444714,0.02681587160113952,0.6288486938399529,0.02146017812104823,0.6854256854256854,0.01546665522401458,3.0,4.0
Kamei,bugzilla,LogisticRegression,15,0.750731259420245,0.019749305333976324,0.3335651247965474,0.033111669584845085,0.6043249754531033,0.020513457723696712,0.6720346914410785,0.016712141629536867,0.6673160173160173,0.014513006036243822,2.0,3.0
Kamei,bugzilla,RandomForest,15,0.8205520375755182,0.01492285154191126,0.46598452710034105,0.03415052398554265,0.6417036372710708,0.025059480899541776,0.7104274252457464,0.02023228737573729,0.7582972582972582,0.01498867049518131,1.0,1.0
Kamei,columba,DecisionTree,15,0.6527669271201872,0.021279842245289695,0.27320491812310316,0.0429380906885239,0.5118892223162607,0.027444063734812355,0.6362578954366148,0.022698540998579424,0.6751964085297418,0.0215292720364309,5.0,4.0
Kamei,columba,Dummy,15,0.4945091218539221,0.013195372337388338,-0.011024326190098632,0.026510180135595675,0.29543871659706533,0.018597685807648385,0.45152124091011664,0.016732486257771392,0.5728395061728394,0.011100822330437767,6.0,6.0
Kamei,columba,GaussianNB,15,0.6979944344617219,0.023308260609706293,0.18996213976467055,0.033011225227897456,0.2751766656515853,0.06401467341223577,0.41241627023901073,0.06090162451577267,0.7069958847736626,0.008698393729003781,4.0,5.0
Kamei,columba,KNN,15,0.7009537274322732,0.014606145265373434,0.2899004838564879,0.035174031898264894,0.46559175663691305,0.027345424758533788,0.5863375897205236,0.022227135225171047,0.7194912083800973,0.013781469777225924,3.0,3.0
Kamei,columba,LogisticRegression,15,0.7292448673767127,0.018067971221435043,0.33147683591751653,0.024661037457085446,0.5554221034352653,0.01641357142699222,0.6728998946001249,0.013624446645128314,0.6936775158997381,0.012356363288696133,2.0,2.0
Kamei,columba,RandomForest,15,0.7950944848963314,0.017168744334110798,0.42683350123265507,0.032470665189422966,0.5729720071886656,0.022628889332411552,0.6690483995232931,0.016746894029831802,0.7699214365881032,0.013026541348051682,1.0,1.0
Kamei,postgres,DecisionTree,15,0.6688546315893348,0.008854923174474161,0.30692510992863886,0.016728825118320623,0.4921176339731919,0.013116005727145889,0.6478358550720597,0.01140807582923221,0.7253521236966113,0.005675392815511719,5.0,4.0
Kamei,postgres,Dummy,15,0.5038573511050497,0.009854729091756756,0.0077114026363403285,0.0197021632094329,0.25647565631608915,0.014756712068141333,0.4388960695565866,0.014168539665394535,0.6272004963986308,0.007408418578539766,6.0,6.0
Kamei,postgres,GaussianNB,15,0.6792072245270403,0.013238459512457713,0.09569531916721792,0.10556974433959225,0.3889299897134096,0.03138472006412325,0.21565452739647448,0.1265170729932318,0.3692067135176209,0.2125609590120762,4.0,5.0
Kamei,postgres,KNN,15,0.7153455079614655,0.0069819915843226475,0.33059325237246046,0.016063413924966945,0.4528778643526564,0.012047406705811585,0.5821074208617808,0.009223658499527507,0.7740524167156801,0.005657649617594026,3.0,3.0
Kamei,postgres,LogisticRegression,15,0.7763551233396246,0.008720460889355358,0.3749395908770221,0.016168384786424992,0.5431402324910378,0.011363388094710613,0.6901123609149146,0.008811431869549526,0.7493841146290247,0.00735827920153359,2.0,2.0
Kamei,postgres,RandomForest,15,0.8255752298501309,0.0073759923924358985,0.4448987272397843,0.01567132604136938,0.5574731925293424,0.011709774827354467,0.6665333466092623,0.008510434748365778,0.8065357875571629,0.0056244306956234275,1.0,1.0
NASA,CM1,DecisionTree,15,0.5606887589343731,0.08015514890957648,0.10831140244607934,0.13749303849721806,0.23074076514512643,0.11581205973059916,0.4563317020414251,0.12830362983052382,0.77990675990676,0.043725421499844416,5.0,3.0
NASA,CM1,Dummy,15,0.4624269005847953,0.05177803167549196,-0.07330510974452138,0.09972658775687707,0.06928104575163398,0.08595987104819273,0.16795790197562735,0.19215147057006635,0.7523543123543124,0.023970140248206147,6.0,6.0
NASA,CM1,GaussianNB,15,0.7108674463937622,0.07457782802337762,0.22115716955873496,0.1331708771075788,0.3173425017107433,0.10755060145999161,0.5319648783186285,0.10024188829943328,0.8136907536907537,0.054029960961252274,3.0,2.0
NASA,CM1,KNN,15,0.7031432748538011,0.08219559956779042,0.019964629446743497,0.10576064656215184,0.08904761904761904,0.10386832884767776,0.1724235019111574,0.19451139667225956,0.8390675990675991,0.02269720596284491,4.0,4.0
NASA,CM1,LogisticRegression,15,0.7494476933073424,0.06370605708334454,0.23303066677782375,0.09321341274058369,0.34617510538866747,0.06457631388241596,0.6515431723380876,0.06971622751975107,0.7127583527583528,0.05233476359157672,1.0,1.0
NASA,CM1,RandomForest,15,0.7264944769330735,0.08847943274887073,0.017025307614477726,0.07956813856120794,0.05448107448107448,0.08062275777631055,0.10987879148969941,0.16097014293567755,0.8553690753690755,0.021386116894554146,2.0,5.0
NASA,KC3,DecisionTree,15,0.6076516897081413,0.1159978547113588,0.1966218135749908,0.21058134757331232,0.3458430240783182,0.17049048063919248,0.5250930899218241,0.1979600447054331,0.74251012145749,0.07718509520320513,5.0,3.0
NASA,KC3,Dummy,15,0.5754512288786483,0.08541766227043351,0.16240800822177537,0.18239949824992607,0.30256410256410254,0.15186358049705462,0.4687861882353531,0.16866981833198225,0.7629779577147998,0.05013238173926376,6.0,5.0
NASA,KC3,GaussianNB,15,0.6906826036866359,0.06588613443644853,0.2535224423080503,0.13995239869757936,0.3632912185853362,0.1338979475472629,0.5400302190992845,0.13752073852334243,0.7817813765182186,0.04448311889065192,4.0,2.0
NASA,KC3,KNN,15,0.7130232334869432,0.09544383153456727,0.16636448068634166,0.23501434623045034,0.20383838383838385,0.18501752653579745,0.29291793569712915,0.23005031006009166,0.8055780476833108,0.049886171793296887,3.0,4.0
NASA,KC3,LogisticRegression,15,0.7514112903225807,0.10900709815486928,0.35432645126851253,0.20704135275937333,0.4823991501337039,0.15854742988654158,0.6852909121851831,0.13656213487250027,0.7541610436347278,0.08804372192087974,1.0,1.0
NASA,KC3,RandomForest,15,0.73963133640553,0.10295867696338314,0.1499047402004078,0.174739769647305,0.20080808080808082,0.15281212569896627,0.3131763565855419,0.21160590419030956,0.8004948268106163,0.04071226015216531,2.0,6.0
NASA,MC2,DecisionTree,15,0.573582175925926,0.10860472611369536,0.14649157181328298,0.2216625336050232,0.44666781332416006,0.12563969323962237,0.5502082012883628,0.11159294854295412,0.6072222222222223,0.11266551610194897,5.0,5.0
NASA,MC2,Dummy,15,0.4479166666666667,0.09374081377686296,-0.11663271562278178,0.20957597662671448,0.2076190476190476,0.14368016888111323,0.327245309179346,0.1686072977745055,0.5271111111111112,0.0865004511105465,6.0,6.0
NASA,MC2,GaussianNB,15,0.6589409722222223,0.07153904897036914,0.34239369019103266,0.14611197752962654,0.45454156954156955,0.10954344215632784,0.5533397153738071,0.08913090149007494,0.7152222222222222,0.05273799670348027,4.0,1.0
NASA,MC2,KNN,15,0.677488425925926,0.07723019915230492,0.282402459264774,0.18546565158837566,0.4355000555000555,0.12787307958717184,0.5408120719557784,0.10236095414551945,0.6906666666666667,0.070474018628054,2.0,4.0
NASA,MC2,LogisticRegression,15,0.7270833333333333,0.11091320032203926,0.28644330979742794,0.14393307780303508,0.5537445864137209,0.09595376488003772,0.6322202677754217,0.07879823828133461,0.6504444444444444,0.07280782125554121,1.0,3.0
NASA,MC2,RandomForest,15,0.674074074074074,0.07239579368250344,0.31865894180290744,0.15804646294482708,0.4743316813905049,0.1156370845213322,0.5735594585739979,0.08991514561760418,0.7070000000000001,0.057749458871923655,3.0,2.0
NASA,MW1,DecisionTree,15,0.5956833064949006,0.10484650111140191,0.18054803854182314,0.20448390068245964,0.27213932037461447,0.17727765075086635,0.4526118995186623,0.24950194079086904,0.8293333333333333,0.058475572176168195,5.0,5.0
NASA,MW1,Dummy,15,0.4919806763285024,0.06718885863830229,-0.01771346893014958,0.12780879716216945,0.09393939393939395,0.1141331133888063,0.20171075012458708,0.22899408035191812,0.8005228758169934,0.02655052425373804,6.0,6.0
NASA,MW1,GaussianNB,15,0.7322984433709071,0.11945941902037248,0.3052359205139864,0.12293540745741104,0.37936988936988936,0.10746366580272715,0.6704868778612556,0.1187103044579273,0.812235294117647,0.03757088465351192,1.0,2.0
NASA,MW1,KNN,15,0.6943918411164788,0.12335200625868853,0.2610871778453387,0.2229545169082773,0.2697883597883598,0.1871065480795826,0.3763445205947689,0.2456401824959839,0.8896732026143791,0.028027035675706444,2.0,3.0
NASA,MW1,LogisticRegression,15,0.689059581320451,0.13095506401245902,0.24304524987750517,0.14414396074900046,0.327241296714981,0.10968848121154727,0.6500463835026113,0.13110227900731267,0.7531241830065359,0.05760433384362011,3.0,4.0
NASA,MW1,RandomForest,15,0.676614063338701,0.10814436045577798,0.3290625128748353,0.2521099291767661,0.34960520960520963,0.22235412221091921,0.4793862948491215,0.24041039421876775,0.8909281045751634,0.03756903289976903,4.0,1.0
NASA,PC1,DecisionTree,15,0.6338166463166464,0.07743551249043555,0.23134169065966076,0.13386013422568496,0.30295200460698357,0.12158681154252056,0.5593321876820229,0.1415355282460298,0.8533138706426163,0.027216382369312522,5.0,3.0
NASA,PC1,Dummy,15,0.49901302401302405,0.033181989225731394,-0.0018752402489885355,0.07249550202368152,0.07773386034255599,0.06663779542657285,0.20634142448219428,0.15751589696400375,0.8519028255656345,0.010222911839671996,6.0,6.0
NASA,PC1,GaussianNB,15,0.7107448107448107,0.0756294624833869,0.2439167157012227,0.0915724351643203,0.301229918371032,0.08638573705041012,0.5198448952750098,0.10746149247190605,0.8789490147012825,0.027588846229823622,4.0,2.0
NASA,PC1,KNN,15,0.7802079093745761,0.05612256369477378,0.195565889520566,0.15120459247937543,0.22329827837567776,0.1420755412619633,0.36532091632468755,0.17926035997274456,0.9025475271956348,0.013683823690560572,3.0,5.0
NASA,PC1,LogisticRegression,15,0.8567443359110026,0.03837939485550661,0.35110572282909364,0.07728032763890051,0.38459756157972597,0.06546919071016175,0.7652921771788833,0.05081009774299836,0.7833941542418239,0.04587694948100288,2.0,1.0
NASA,PC1,RandomForest,15,0.8581247456247456,0.047141931132039475,0.23015304074218337,0.14601506467573086,0.23751142562288072,0.13089248122337452,0.3762727348076484,0.17731761243290056,0.906419212456122,0.014057513342518799,1.0,4.0
NASA,PC2,DecisionTree,15,0.5608486220712771,0.0931923467120656,0.11763864936100571,0.20159160459184736,0.12767676767676767,0.18509623120439095,0.23635779843385646,0.30141972928207267,0.9584323116219668,0.014622788552275764,5.0,2.0
NASA,PC2,Dummy,15,0.4964588952152632,1.0339609819335915e-05,-0.012548387006571269,0.000770602361926969,0.0,0.0,0.0,0.0,0.970919540229885,0.002797009843713861,6.0,6.0
NASA,PC2,GaussianNB,15,0.7343055971764393,0.16803412142403082,-0.0022307890206482725,0.07055817260835763,0.031268240841142166,0.05719810518528042,0.16852803636287306,0.2512351183638135,0.8482343550446998,0.1880503699723206,3.0,5.0
NASA,PC2,KNN,15,0.5690249059368029,0.073874192410101,0.0,0.0,0.0,0.0,0.0,0.0,0.9778448275862068,0.0028114174869723883,4.0,3.0
NASA,PC2,LogisticRegression,15,0.750054384621361,0.10842202997471828,0.12094294213763772,0.11578881376721424,0.10100082128614922,0.060991783536941784,0.5673158131227972,0.3194118339145009,0.8102107279693487,0.031441521117779106,2.0,1.0
NASA,PC2,RandomForest,15,0.7863403034439893,0.10011268556933728,-0.000813189557865777,0.003149469614923927,0.0,0.0,0.0,0.0,0.9773818646232438,0.0031317312413549872,1.0,4.0
NASA,PC3,DecisionTree,15,0.6197289597289597,0.04013833956275464,0.21798992894392255,0.07360056179384626,0.32261559650630683,0.06334419059251112,0.5551603922630505,0.05921839426853565,0.814577185609109,0.021903866273388764,5.0,2.0
NASA,PC3,Dummy,15,0.4981858781858782,0.03714336634880376,-0.003800719911793988,0.0722975410003809,0.12525252525252525,0.06252584438357087,0.3259690520068851,0.08308246655371149,0.7748546901546991,0.01684207373887363,6.0,6.0
NASA,PC3,GaussianNB,15,0.7516306049639383,0.05113011594635363,0.01028987081268508,0.11337140429020089,0.2337543721232938,0.03860341907229759,0.27795570598203967,0.1762621984690669,0.2578467316462488,0.2211447732432712,3.0,5.0
NASA,PC3,KNN,15,0.7275524242190909,0.05076805829428162,0.15010414554987106,0.06566074904356223,0.20082564732564995,0.05694966163992073,0.36984355246551015,0.05878216483276678,0.8555754269873915,0.013498055046121473,4.0,4.0
NASA,PC3,LogisticRegression,15,0.8163763763763764,0.039212294228985124,0.34581591853559895,0.05613439119645502,0.4193163297585371,0.039241506946458275,0.741958006793887,0.04094519273458697,0.7423559569584787,0.024621408229914116,2.0,1.0
NASA,PC3,RandomForest,15,0.8299958933292266,0.029319760259183387,0.1708786766238798,0.08447577982221094,0.2099250033802189,0.07301677217199501,0.3720193780129279,0.07224980711781594,0.8615487793972995,0.014128894256067412,1.0,3.0
NASA,PC4,DecisionTree,15,0.7255478244062719,0.04408134962424588,0.41479135544841106,0.06617866699120876,0.49901599300872684,0.057936801643330406,0.6964409822165868,0.05738865549334311,0.8493253049251197,0.01555417774805663,5.0,3.0
NASA,PC4,Dummy,15,0.49713597158802636,0.02731020754845503,-0.005513110886331426,0.0524744828243843,0.14222222222222222,0.04469769119186804,0.3521717344522361,0.060827025207958456,0.7471185219494622,0.01312988508295693,6.0,6.0
NASA,PC4,GaussianNB,15,0.7995887994974754,0.039069467054891414,0.22557185114921877,0.11885296257740005,0.28656323065870726,0.11359732593063378,0.4512308933662156,0.10611861816479053,0.8482764654418198,0.0202407974566668,4.0,5.0
NASA,PC4,KNN,15,0.8356726099876784,0.043251715303844876,0.3723295282431815,0.05905538447948626,0.42202970556003183,0.0583922893011665,0.5673887841145259,0.052167534418514655,0.8718552827955329,0.011203633658547214,3.0,4.0
NASA,PC4,LogisticRegression,15,0.9060083109854798,0.019662875270624564,0.49814751535087076,0.04842977119837958,0.5568930022570356,0.041375740478730404,0.8189707146233997,0.026015902439623168,0.8157799392722969,0.02898147596400826,2.0,1.0
NASA,PC4,RandomForest,15,0.926490058225218,0.01175536603143777,0.4706000383644323,0.04219102147906878,0.526738650428737,0.039341137675580784,0.664138759373093,0.03862551077422095,0.8841747722711131,0.010332015519364504,1.0,2.0
NASA,PC5,DecisionTree,15,0.6403678657893987,0.02969094282366707,0.25192219544875627,0.055320349942172206,0.4705524748256939,0.038472528731722674,0.618733308084838,0.03236831203757968,0.6870205889664835,0.02512805285488939,5.0,4.0
NASA,PC5,Dummy,15,0.5301054202626108,0.02897620551037838,0.061047179463776156,0.058757537428795255,0.31231884057971016,0.042983729994015146,0.4794834694110825,0.03819151108594308,0.6317388749519741,0.02306573033579772,6.0,6.0
NASA,PC5,GaussianNB,15,0.7065883505653822,0.025959392892579373,0.20256926911181938,0.07273665795218967,0.23962292424962434,0.0661584838996459,0.3761565332540448,0.06198332162279058,0.7419469116550275,0.01459142460781798,4.0,5.0
NASA,PC5,KNN,15,0.7399704349312142,0.025735957925494417,0.3292424225981804,0.050775158778165935,0.4881022723109168,0.04130386458158875,0.6153514233710607,0.033412575169097056,0.7491180193007435,0.018142302416654724,3.0,2.0
NASA,PC5,LogisticRegression,15,0.7455593437580107,0.02733511021332823,0.3225361938960985,0.05151727094380098,0.5355506800068035,0.03201801609629859,0.6775262006657888,0.02759372555866734,0.6792816462133026,0.027411450462720904,2.0,3.0
NASA,PC5,RandomForest,15,0.7883260702384004,0.02663290276837433,0.3604766356527827,0.0691971458381115,0.4976876617446447,0.05620219174595256,0.6155956499260868,0.04377756653637673,0.7658095464099262,0.02386718861528811,1.0,1.0
Promise,ant-1.7,DecisionTree,15,0.6682713223154398,0.045718614257555704,0.3049004004548764,0.08469619643848343,0.475392662526604,0.061874929428810815,0.6437984162218913,0.05049822620630852,0.7366698595146871,0.03623503420571929,5.0,5.0
Promise,ant-1.7,Dummy,15,0.4878235139264551,0.044162382982049,-0.024007449305676117,0.08705599726387431,0.218897414038079,0.06666280163344182,0.4072444452467589,0.07595929540649002,0.6288984674329502,0.031199382248166516,6.0,6.0
Promise,ant-1.7,GaussianNB,15,0.8060904917522564,0.03311225618586005,0.4298362558653567,0.08781180132910829,0.555864425278273,0.07077860354037767,0.6901817069137757,0.05629730798189118,0.8002234993614304,0.03102336105314484,3.0,3.0
Promise,ant-1.7,KNN,15,0.7835339493427729,0.04040407159061452,0.3653443445802425,0.07064011318180716,0.45729897128135294,0.06025543190791982,0.581847041714891,0.04755033730392881,0.8020498084291188,0.020251334380615944,4.0,4.0
Promise,ant-1.7,LogisticRegression,15,0.8105216369922252,0.027857346301316192,0.43628663239245946,0.07766146873226182,0.5764721028873137,0.056878470968808895,0.7333377652727273,0.045113572749493805,0.7730395913154534,0.0365055395280133,2.0,2.0
Promise,ant-1.7,RandomForest,15,0.8316119786708022,0.0288842859755563,0.45479178338634624,0.07703484586577976,0.5568778259837542,0.06303069949371373,0.6722043795105859,0.04988468451352206,0.8199968071519795,0.02341385808065538,1.0,1.0
Promise,camel-1.6,DecisionTree,15,0.5853165665665666,0.05475329349626879,0.14925402689495929,0.08801035848476399,0.34390063192978776,0.06564463696684927,0.5452473668431348,0.06320741768872327,0.6900466529703818,0.03954539026147723,5.0,4.0
Promise,camel-1.6,Dummy,15,0.5066895466895467,0.03871110541967291,0.013782009119853523,0.07985941232539687,0.21091884641180414,0.0637970423297087,0.4018753447661302,0.06437619048195498,0.6840138674884437,0.02558808060547777,6.0,6.0
Promise,camel-1.6,GaussianNB,15,0.6606785356785356,0.039756573079351085,0.20317675108646932,0.061633583732467925,0.3149688514617959,0.053650305060935835,0.4753147935338192,0.047060590190143546,0.774884437596302,0.018053618870660405,3.0,2.0
Promise,camel-1.6,KNN,15,0.6283692621192621,0.03270191569487124,0.11003251869795223,0.08000607656498976,0.21609614604149374,0.06791534477248262,0.3779885696717037,0.06885665232455035,0.7605611196712891,0.02437195195692257,4.0,5.0
Promise,camel-1.6,LogisticRegression,15,0.6856869369369369,0.045854264098505945,0.2077048821678781,0.0653764908738915,0.4045219640673367,0.0465881786770309,0.6158990871493061,0.04442906412010514,0.662497859955487,0.02825077842571625,2.0,1.0
Promise,camel-1.6,RandomForest,15,0.6896519734019734,0.03503575077789991,0.1854980478959475,0.09214977337468529,0.2752225666510785,0.08341681277880536,0.42861243570327084,0.08240949586212475,0.7801617873651772,0.019718135110072362,1.0,3.0
Promise,jedit-4.3,DecisionTree,15,0.4864828795851445,0.008968876544419675,-0.0187547702652073,0.009859610540941442,0.0,0.0,0.0,0.0,0.9565935672514619,0.016719699597239606,6.0,6.0
Promise,jedit-4.3,Dummy,15,0.511679249599634,0.06592945588683123,0.034590779926818055,0.18502676707587504,0.04444444444444444,0.17213259316477408,0.047140452079103175,0.18257418583505539,0.9740862573099416,0.006715974140193414,5.0,3.0
Promise,jedit-4.3,GaussianNB,15,0.6774918020285213,0.3123341538226407,0.13886368898154242,0.2103447785392404,0.14015873015873018,0.17491926655184534,0.3591307734274062,0.4088834425905606,0.9299342105263158,0.032284704805871055,1.0,1.0
Promise,jedit-4.3,KNN,15,0.5365705788149165,0.148544216605665,-0.0010083663342372055,0.0039053860193769187,0.0,0.0,0.0,0.0,0.9825,0.006472191485907972,4.0,4.0
Promise,jedit-4.3,LogisticRegression,15,0.542964996568291,0.30972880866231617,0.06169760071176902,0.15411187931202225,0.0679100529100529,0.10156104246547898,0.31670313217495477,0.4101705894174599,0.8521783625730994,0.04362615767945526,3.0,2.0
Promise,jedit-4.3,RandomForest,15,0.6522344238541905,0.2346486608055171,-0.004432867875479299,0.006617710889096145,0.0,0.0,0.0,0.0,0.9789985380116959,0.006855966388843137,2.0,5.0
Promise,prop-2,DecisionTree,15,0.6331602951045276,0.008791081087462698,0.2251780269812223,0.01495343252562387,0.36238337833630596,0.011583814929664185,0.6025252655790995,0.010633413915538967,0.7574912019126285,0.0075240056344824755,5.0,2.0
Promise,prop-2,Dummy,15,0.4937424834461957,0.008791404803542366,-0.012474295563335932,0.017526548553803183,0.14458284221955353,0.01478470950905648,0.3492783879354068,0.018149964496776243,0.7346079075082064,0.0046313933906261305,6.0,6.0
Promise,prop-2,GaussianNB,15,0.6474183066756556,0.013472753868838443,0.15626158208467839,0.021865425370558376,0.27850773856567945,0.020606707262019464,0.4829915483592519,0.025014353209718343,0.7884904693700728,0.011738028405049727,4.0,5.0
Promise,prop-2,KNN,15,0.6781441210082201,0.011533362182935597,0.17992675611896253,0.021294499666481573,0.23872909424298255,0.019853255054457265,0.40277904294944356,0.020121718979919243,0.8320566971441965,0.004792756389343056,2.0,3.0
Promise,prop-2,LogisticRegression,15,0.6671994844953476,0.01316830519689253,0.17805737799197882,0.01586833771731079,0.33667699700802345,0.010153077743574735,0.6202154398009659,0.010542360130112626,0.6324813953564206,0.012459536821501277,3.0,4.0
Promise,prop-2,RandomForest,15,0.7808106934381319,0.012100481168447053,0.2778855460865159,0.024636063906531867,0.3889018420548247,0.019752253146327944,0.5867612033608951,0.015517853457748646,0.8118036889531087,0.008823534133052074,1.0,1.0
Promise,velocity-1.6,DecisionTree,15,0.6528189300411522,0.0727588146717835,0.2756247705449791,0.1559248640603619,0.5522910957799396,0.09239007385234183,0.6317794516305282,0.0737983707656801,0.6489110372831303,0.07750171185042078,5.0,4.0
Promise,velocity-1.6,Dummy,15,0.46387345679012343,0.05801242265648247,-0.07865587061911353,0.12703718407974646,0.24881291547958215,0.08631831616385151,0.38673710957769053,0.08140794680021186,0.5337763012181617,0.05259785656880143,6.0,6.0
Promise,velocity-1.6,GaussianNB,15,0.7076594650205762,0.09463636029095242,0.21233251260029556,0.1931476355931487,0.3828021833239224,0.1537834769478153,0.49616363376519684,0.12847739101616829,0.6698412698412698,0.06959410326208637,4.0,5.0
Promise,velocity-1.6,KNN,15,0.7156018518518519,0.0872913128273399,0.2891747369848325,0.13613151537840565,0.48437881396002336,0.10859945172070899,0.584649376266056,0.08693236033742363,0.6888519748984866,0.054002008495805956,3.0,3.0
Promise,velocity-1.6,LogisticRegression,15,0.7688580246913581,0.07844044656228238,0.45003147662246784,0.14969228379188618,0.6547507369932614,0.09797749169681755,0.7258266931872146,0.08184311960012954,0.7377999261720193,0.06764327047245394,1.0,1.0
Promise,velocity-1.6,RandomForest,15,0.7665329218106997,0.07431599665175759,0.42295498038275087,0.12693486149963515,0.6149563749671276,0.08472899299173013,0.6894913509557433,0.06757670867020402,0.7331118493909192,0.05738811239398218,2.0,2.0
Promise,xalan-2.7,DecisionTree,15,0.7124569005684466,0.21008239713438157,0.33207351613470043,0.3487443385798479,0.9903854773587877,0.004745689102625969,0.4989795557152067,0.4375065545858203,0.981081081081081,0.00927846705845397,4.0,2.0
Promise,xalan-2.7,Dummy,15,0.5,0.0,0.0,0.0,0.994562435143549,0.001730651396746074,0.0,0.0,0.9891891891891892,0.0034263010326831544,6.0,5.0
Promise,xalan-2.7,GaussianNB,15,0.7789503929425652,0.2079694271118274,0.14556205419004573,0.10722851556959243,0.920220789079533,0.027258916920191893,0.6619492055713495,0.36181483643912327,0.8545045045045045,0.04783660171893629,3.0,3.0
Promise,xalan-2.7,KNN,15,0.6890581803497654,0.217376224207543,-0.0010970741472285353,0.002944867193886899,0.9941058299874587,0.0020295058186395533,0.0,0.0,0.9882882882882883,0.004010924592599068,5.0,6.0
Promise,xalan-2.7,LogisticRegression,15,0.8386186438045538,0.1374458089259448,0.11675943121437789,0.122137832693268,0.9078402254225468,0.024451852436260947,0.5677413569243325,0.42465996536991996,0.8333333333333334,0.03961842769296955,2.0,4.0
Promise,xalan-2.7,RandomForest,15,0.8539822321622713,0.21448415856668712,0.4541324990632947,0.45457169277834936,0.9963703237605178,0.0027169069342337813,0.45522847498307933,0.45446244017903004,0.9927927927927928,0.005397355653499866,1.0,1.0
Promise,xerces-1.4,DecisionTree,15,0.8460519843746389,0.03546456714673375,0.6331175645324104,0.0739259504441449,0.908819727885111,0.020012932315892327,0.8270214647255739,0.038038339263900524,0.8625850340136054,0.02908397685469536,3.0,2.0
Promise,xerces-1.4,Dummy,15,0.5048150844832767,0.06038932750296553,0.008677914991420396,0.12242887754342681,0.7764763594915522,0.026555313957431236,0.412821877664746,0.1077183728672754,0.6537414965986394,0.04144319398024563,6.0,6.0
Promise,xerces-1.4,GaussianNB,15,0.834549603587361,0.042709492514776966,0.388992698834835,0.0660279055786568,0.7199940137123659,0.048728315403645174,0.7140707408719972,0.041330984163168966,0.6517006802721088,0.04689861805256606,5.0,5.0
Promise,xerces-1.4,KNN,15,0.8447577837875321,0.03248173166696092,0.5362832297979264,0.07872407699901143,0.89819015728484,0.01700522205959292,0.7396929303430804,0.055949482323482166,0.8408163265306122,0.02610102984841735,4.0,4.0
Promise,xerces-1.4,LogisticRegression,15,0.9023470517532302,0.02444477309002965,0.5531514788688324,0.07137829373436479,0.8541521989985482,0.03276228310296999,0.8138621540026991,0.0396065044100549,0.7959183673469388,0.04026596885403247,2.0,3.0
Promise,xerces-1.4,RandomForest,15,0.9361182419157248,0.0208594460055116,0.7363423580512574,0.047637409160142544,0.9415464281451733,0.009986947285817734,0.8520960407386915,0.03286132136985078,0.908843537414966,0.015650483225634008,1.0,1.0
ReLink,Apache,DecisionTree,15,0.6625946445060019,0.07819218868119487,0.2961720837968923,0.16015051824068638,0.6185313106403494,0.09531306866881069,0.6382276593099543,0.08307914592295913,0.6443544759334233,0.07984339677967767,5.0,4.0
ReLink,Apache,Dummy,15,0.4650877192982456,0.08621737390219378,-0.07008136284622504,0.17305849150664676,0.4892682926829268,0.08230474807717095,0.46309841339387536,0.0866520354001935,0.46549707602339185,0.08613519249924922,6.0,6.0
ReLink,Apache,GaussianNB,15,0.7676038781163435,0.06535652116074314,-0.06973798863961585,0.08898828029313716,0.177627454215476,0.2917040443121394,0.014509525002200234,0.056195148694901643,0.48627980206927574,0.01644476267053505,3.0,5.0
ReLink,Apache,KNN,15,0.746191135734072,0.054330791130808354,0.3769763201037199,0.08393434973089646,0.6975151985481971,0.043627367113535154,0.679656529668009,0.045106421439675824,0.6855600539811066,0.042447341955255784,4.0,3.0
ReLink,Apache,LogisticRegression,15,0.7751338873499538,0.051543882939080916,0.442961978594094,0.09781222111486332,0.7007501810365587,0.0667283867444623,0.7097660806876361,0.055015340288402555,0.716464237516869,0.0506003465454193,2.0,1.0
ReLink,Apache,RandomForest,15,0.7780794090489381,0.06125250133671081,0.43159872786295433,0.12333769180243172,0.7191372735113966,0.061445553732855214,0.7100742643599087,0.06247663463932039,0.7130004498425551,0.06150546846785453,1.0,2.0
ReLink,Safe,DecisionTree,15,0.692936507936508,0.13137491099505672,0.3779592855266364,0.32040172075323975,0.5953968253968254,0.22793183378124265,0.6454655170908343,0.2202572233729327,0.7,0.14319126609383992,5.0,3.0
ReLink,Safe,Dummy,15,0.638095238095238,0.13482072464563724,0.26987681065984914,0.2622343146962702,0.5644444444444444,0.15391424351326627,0.6334418252035382,0.13809574756989615,0.6424242424242425,0.12622221575550627,6.0,6.0
ReLink,Safe,GaussianNB,15,0.741031746031746,0.174174243809368,0.34189774319014704,0.33598608853345013,0.5543578643578644,0.23600652829772154,0.6284507756637517,0.18889790559300892,0.6909090909090909,0.1509784867996817,2.0,5.0
ReLink,Safe,KNN,15,0.7368253968253968,0.16369215624782024,0.3904135834165279,0.27824553649285094,0.6085906685906686,0.17486285478462552,0.6734497070553345,0.1485374274409908,0.702020202020202,0.1272078615710382,4.0,2.0
ReLink,Safe,LogisticRegression,15,0.7395238095238096,0.1603158325954053,0.4194011794846152,0.2788509414318249,0.6122222222222222,0.20586591207234226,0.6724954853362566,0.16793254632371152,0.7146464646464646,0.12704662800051106,3.0,1.0
ReLink,Safe,RandomForest,15,0.8211111111111111,0.13488488255127154,0.36096603382505055,0.3244057887617304,0.5849013949013949,0.22070139894823454,0.6491782177551779,0.1811603482387011,0.6843434343434344,0.14772496020686016,1.0,4.0
ReLink,Zxing,DecisionTree,15,0.5533984156433136,0.037629039769622216,0.09445494746793186,0.07959233751313784,0.39254196873138913,0.04465627689755197,0.5291129313960814,0.040459751778377386,0.5951441985244802,0.05642721078766401,5.0,4.0
ReLink,Zxing,Dummy,15,0.4769428983714698,0.05741089533497301,-0.04741942167917197,0.11810012733537613,0.2596825396825397,0.08301916808625158,0.4128309501001829,0.0874780055246878,0.5650167672702884,0.049386432037758915,6.0,6.0
ReLink,Zxing,GaussianNB,15,0.6195629767058339,0.06743756342436204,0.1564471036400651,0.11896377836690797,0.3599364240882336,0.10017268561089551,0.49834906414735575,0.08622266484624884,0.6695640509725017,0.044956873725021336,3.0,3.0
ReLink,Zxing,KNN,15,0.6497143446123038,0.06265468734194359,0.1818772631142042,0.12960083147439325,0.4142055370694724,0.10029322202328525,0.5471091452456364,0.08576156600390289,0.6600134138162307,0.06072547880508532,2.0,2.0
ReLink,Zxing,LogisticRegression,15,0.5880260329239921,0.05412914874619242,0.09356955677737802,0.09503759530604243,0.3852404494867902,0.06525126843439108,0.526182230560307,0.05546564595519015,0.6017303822937626,0.045853171390669197,4.0,5.0
ReLink,Zxing,RandomForest,15,0.6860470595164473,0.040427037428889104,0.2519384819444299,0.0663701193681748,0.44205515074349633,0.06038105610116519,0.5673332946678858,0.050915165968929234,0.6986720321931589,0.03272411745355862,1.0,1.0
UnifiedBugDataSet_File,Unified-file,DecisionTree,15,0.5950691248525427,0.005833418721418723,0.15088313622261632,0.00983586276568731,0.42052583664664567,0.006931419600571098,0.5751919981331438,0.006013141537448798,0.619665599299164,0.0045598276562386795,5.0,5.0
UnifiedBugDataSet_File,Unified-file,Dummy,15,0.4970931943228451,0.004734906804517448,-0.005838133305318743,0.009509757003155421,0.27228530574480614,0.0068824039159785235,0.44239109061466103,0.0063940688009591715,0.5975420592850228,0.0038027162678977507,6.0,6.0
UnifiedBugDataSet_File,Unified-file,GaussianNB,15,0.6627257509109464,0.00933621932708429,0.20268496805412253,0.009728430062139925,0.2707466365880515,0.00990966333919156,0.40999569478696873,0.009084748280534662,0.7344423113541064,0.0024767590164181965,4.0,4.0
UnifiedBugDataSet_File,Unified-file,KNN,15,0.6756761284072629,0.008154734595602021,0.24558674090219024,0.017630122750510586,0.41677332957258906,0.012774956294292652,0.5551840200578475,0.009821111703000585,0.721017351003034,0.006736216683419738,3.0,3.0
UnifiedBugDataSet_File,Unified-file,LogisticRegression,15,0.7049419784577658,0.006916968843266431,0.28317911108129906,0.011216824709562291,0.4752368074189392,0.008846866661690973,0.6125198687058482,0.007346107442210459,0.718021749471234,0.0043680031219662805,1.0,1.0
UnifiedBugDataSet_File,Unified-file,RandomForest,15,0.7029012770299479,0.0068462656899254985,0.264119825964164,0.012652525348793733,0.45186666796621644,0.010162544103616498,0.5904237534976213,0.008320801771612554,0.7169332332769625,0.004558659643087216,2.0,2.0
