dataset,project_a,project_b,n_a,n_b,n_common_features,feature_set_jaccard,label_prevalence_a,label_prevalence_b,label_prevalence_abs_diff,mean_ks_statistic,median_ks_statistic,max_ks_statistic,mean_ks_pvalue,mean_wasserstein_distance,median_wasserstein_distance,max_wasserstein_distance,mean_feature_mean_shift,mean_feature_std_shift,project_size_ratio,pairwise_stability_score,pairwise_stability_level,warnings
AEEEM,equinox,jdt,241,972,19,1.0,0.5186721991701245,0.2109053497942387,0.30776684937588583,0.22880532615797472,0.18725560507487662,0.6635802469135802,0.22413075210497127,0.052605086133801986,0.01320556319598975,0.31942505755529377,0.051630227674495516,0.04528198366697239,0.24794238683127573,72.92,moderate,large_label_distribution_shift;large_project_size_mismatch
AEEEM,equinox,lucene,241,539,19,1.0,0.5186721991701245,0.11688311688311688,0.40178908228700766,0.18571837796247367,0.19611390387916766,0.35720059430788537,0.21268931670907604,0.037479671010939526,0.030711819374515725,0.1277110607967879,0.02929768066131472,0.05826441809124994,0.44712430426716143,72.61,moderate,large_label_distribution_shift
AEEEM,equinox,mylyn,241,1607,19,1.0,0.5186721991701245,0.13067828251400124,0.38799391665612326,0.2423204986156737,0.20171345797819187,0.6591674907755747,0.20760165262437127,0.04884540074701159,0.016079774064696125,0.38803617816766867,0.04535551855653734,0.04556175051249191,0.14996888612321096,68.51,limited,large_label_distribution_shift;large_project_size_mismatch
AEEEM,equinox,pde,241,1434,19,1.0,0.5186721991701245,0.14574616457461645,0.3729260345955081,0.14846718525510463,0.17839140725822786,0.3306972921983599,0.2676435670312286,0.0328771557797151,0.027529965274518384,0.10048091112692929,0.026022381553304302,0.04018112618677171,0.16806136680613668,72.1,moderate,large_label_distribution_shift;large_project_size_mismatch
AEEEM,jdt,lucene,972,539,19,1.0,0.2109053497942387,0.11688311688311688,0.09402223291112181,0.2988486729088233,0.2871553784252197,0.7242588393382045,0.20769368873228972,0.04611401679658326,0.0174353217890761,0.30531348629211585,0.04109652888735381,0.051721617347652536,0.5545267489711934,82.95,moderate,moderate_feature_distribution_shift
AEEEM,jdt,mylyn,972,1607,19,1.0,0.2109053497942387,0.13067828251400124,0.08022706728023746,0.38428889392964694,0.39231525655504085,0.8620061152212158,0.15672118319759443,0.06941522841311366,0.018968480871100986,0.5645139929870499,0.06913401211048138,0.05661171952217972,0.6048537647790915,81.22,moderate,moderate_feature_distribution_shift
AEEEM,jdt,pde,972,1434,19,1.0,0.2109053497942387,0.14574616457461645,0.06515918521962225,0.22414231378850039,0.1443256366547859,0.8188138161406409,0.21079567841539956,0.03799846924074408,0.014610850375955569,0.2987641568985459,0.03555324782268834,0.038637862396971284,0.6778242677824268,87.45,high,none
AEEEM,lucene,mylyn,539,1607,19,1.0,0.11688311688311688,0.13067828251400124,0.013795165630884357,0.16729725865508696,0.16512982972223794,0.44638657635368456,0.16044487293576773,0.03312005741182851,0.005705819171838157,0.25835647667928757,0.03222795171920994,0.05184902503099396,0.33540759178593654,87.54,high,none
AEEEM,lucene,pde,539,1434,19,1.0,0.11688311688311688,0.14574616457461645,0.02886304769149957,0.164402474969688,0.1827859329353651,0.3015502130863757,0.19538100766957778,0.019939439785631813,0.01543707196512253,0.06058533520204773,0.011955873674235123,0.03133018497104796,0.37587168758716877,87.92,high,none
AEEEM,mylyn,pde,1607,1434,19,1.0,0.13067828251400124,0.14574616457461645,0.015067882060615212,0.21908291739677963,0.23042668103893443,0.4949250099156497,0.13948682371082247,0.03842868843941649,0.011769680937391239,0.24801802004557955,0.03766801534864487,0.037764873907922304,0.8923459863098943,91.7,high,none
BugHunter,full_Android-Universal-Image-Loader_file,full_BroadleafCommerce_file,160,2888,6,1.0,0.4375,0.45394736842105265,0.016447368421052655,0.21053497229916895,0.17119113573407202,0.5510907202216067,0.17161346626630783,0.037628888846382456,0.03897729240033837,0.06272707391748068,0.03480054390799656,0.05875893516790696,0.055401662049861494,83.43,moderate,large_project_size_mismatch
BugHunter,full_Android-Universal-Image-Loader_file,full_MapDB_file,160,537,6,1.0,0.4375,0.5009310986964618,0.0634310986964618,0.3814497982619491,0.4674231843575419,0.6987546554934823,0.17615585491635752,0.09543459677627086,0.10905692517988026,0.16209627787618658,0.09306746889351175,0.12576954067139332,0.297951582867784,77.91,moderate,moderate_feature_distribution_shift
BugHunter,full_Android-Universal-Image-Loader_file,full_antlr4_file,160,359,6,1.0,0.4375,0.4178272980501393,0.019672701949860705,0.2973566620241411,0.29151288300835654,0.6779073816155989,0.1749398372622233,0.05705098686429181,0.05154482733673636,0.13093340555039723,0.049653782512217644,0.06702614278300682,0.4456824512534819,84.55,moderate,moderate_feature_distribution_shift
BugHunter,full_Android-Universal-Image-Loader_file,full_ceylon-ide-eclipse_file,160,965,6,1.0,0.4375,0.3844559585492228,0.05304404145077718,0.36990500863557857,0.39347474093264245,0.5886981865284974,0.16666666666666666,0.10343899763431436,0.11952864272500038,0.1369446588027781,0.10340594210774928,0.14922667292833747,0.16580310880829016,76.96,moderate,moderate_feature_distribution_shift;large_project_size_mismatch
BugHunter,full_Android-Universal-Image-Loader_file,full_elasticsearch_file,160,20220,6,1.0,0.4375,0.48550939663699305,0.04800939663699305,0.2228507253544345,0.20281899109792284,0.5713773491592482,0.17223575133860783,0.0285767986901533,0.03143110244731484,0.05584547629704535,0.02744406394273804,0.03822488080937215,0.00791295746785361,81.69,moderate,large_project_size_mismatch
BugHunter,full_Android-Universal-Image-Loader_file,full_hazelcast_file,160,17395,6,1.0,0.4375,0.5065248634665134,0.06902486346651338,0.23314619862029315,0.1792002012072434,0.5752317476286288,0.16839760638868354,0.03019971875565187,0.024362621788346688,0.07329646669827884,0.028823665544989857,0.05196831974097955,0.009198045415349238,80.5,moderate,large_project_size_mismatch
BugHunter,full_Android-Universal-Image-Loader_file,full_junit_file,160,191,6,1.0,0.4375,0.4607329842931937,0.023232984293193704,0.25140706806282725,0.2257198952879581,0.4699607329842932,0.17246160268586821,0.08103721925076705,0.07199163787421685,0.19314048214425256,0.07884760591971529,0.06256214625945043,0.837696335078534,88.85,high,moderate_feature_distribution_shift
BugHunter,full_Android-Universal-Image-Loader_file,full_mcMMO_file,160,760,6,1.0,0.4375,0.41973684210526313,0.01776315789473687,0.23684210526315788,0.19407894736842107,0.6375,0.1677874657798271,0.045167729151296354,0.04394434328995611,0.10610801844354477,0.04307376658634036,0.06126696878872176,0.21052631578947367,84.06,moderate,large_project_size_mismatch
BugHunter,full_Android-Universal-Image-Loader_file,full_mct_file,160,55,6,1.0,0.4375,0.2545454545454545,0.18295454545454548,0.2734848484848485,0.25198863636363633,0.61875,0.17931264539094002,0.07287155338784322,0.0853526097139792,0.1343344155844156,0.06870286268476937,0.1251038513146109,0.34375,76.88,moderate,moderate_label_distribution_shift;moderate_feature_distribution_shift
BugHunter,full_Android-Universal-Image-Loader_file,full_neo4j_file,160,3655,6,1.0,0.4375,0.4642954856361149,0.02679548563611489,0.26319111947104423,0.23284028727770179,0.5875598495212039,0.16690858968189878,0.03249233653753649,0.030281407161397596,0.07505826620053703,0.03136677482048198,0.03443813406173543,0.04377564979480164,81.81,moderate,moderate_feature_distribution_shift;large_project_size_mismatch
BugHunter,full_Android-Universal-Image-Loader_file,full_netty_file,160,4566,6,1.0,0.4375,0.4231274638633377,0.014372536136662284,0.18808630822017813,0.17672470433639947,0.4024118484450285,0.16925948621650444,0.024367232433717485,0.025357042039534098,0.04311900468464795,0.023401611659618734,0.041216922831713076,0.03504161191414805,84.27,moderate,large_project_size_mismatch
BugHunter,full_Android-Universal-Image-Loader_file,full_orientdb_file,160,3925,6,1.0,0.4375,0.45554140127388537,0.01804140127388537,0.3089132165605096,0.2953980891719745,0.7049442675159235,0.16666674711377183,0.0325040853500692,0.020175923149330397,0.10428685763830994,0.027714826287936006,0.060025128904054426,0.04076433121019108,80.9,moderate,moderate_feature_distribution_shift;large_project_size_mismatch
BugHunter,full_Android-Universal-Image-Loader_file,full_oryx_file,160,513,6,1.0,0.4375,0.15009746588693956,0.28740253411306044,0.2878086419753087,0.3151681286549708,0.49519980506822614,0.16666714350743614,0.09306989688080865,0.09978222536984253,0.17206311279858014,0.08980944595456893,0.07527441134021766,0.31189083820662766,71.76,moderate,large_label_distribution_shift;moderate_feature_distribution_shift
BugHunter,full_Android-Universal-Image-Loader_file,full_titan_file,160,462,6,1.0,0.4375,0.4025974025974026,0.03490259740259738,0.22999188311688312,0.1797077922077922,0.6369318181818182,0.1702240549600408,0.06299384528648476,0.04920748948361313,0.18307359307359308,0.06060564836687416,0.08820388460864403,0.3463203463203463,84.33,moderate,none
BugHunter,full_BroadleafCommerce_file,full_MapDB_file,2888,537,6,1.0,0.45394736842105265,0.5009310986964618,0.04698373027540914,0.24810481007478025,0.27782269920611585,0.3889110272004622,0.16666666668706523,0.07873159850694957,0.08010356531081077,0.13408948864755788,0.07827019772996546,0.09355130467936935,0.18594182825484765,81.35,moderate,large_project_size_mismatch
BugHunter,full_BroadleafCommerce_file,full_antlr4_file,2888,359,6,1.0,0.45394736842105265,0.4178272980501393,0.03612007037091336,0.2265446364040875,0.26550744990316283,0.34797239947839104,0.16666667213041564,0.02292703704785751,0.02368037173014908,0.044472024539590295,0.019070143323876968,0.016532280302176235,0.12430747922437674,83.52,moderate,large_project_size_mismatch
BugHunter,full_BroadleafCommerce_file,full_ceylon-ide-eclipse_file,2888,965,6,1.0,0.45394736842105265,0.3844559585492228,0.06949140987182983,0.2740281385902717,0.33451588133136223,0.4942222955807845,0.16666905934633425,0.0570174010771665,0.059093543612571596,0.1091819235975092,0.05620572237238806,0.08380551668559567,0.33414127423822715,81.87,moderate,moderate_feature_distribution_shift
BugHunter,full_BroadleafCommerce_file,full_elasticsearch_file,2888,20220,6,1.0,0.45394736842105265,0.48550939663699305,0.031562028215940396,0.07769774858824402,0.0698846620690411,0.16371691175463254,0.16692209241773368,0.011499615277394576,0.010698928733424339,0.024029874166677963,0.01079372943567418,0.014031607124592333,0.14282888229475765,87.87,high,large_project_size_mismatch
BugHunter,full_BroadleafCommerce_file,full_hazelcast_file,2888,17395,6,1.0,0.45394736842105265,0.5065248634665134,0.05257749504546072,0.10590408630386726,0.07220108342974349,0.3270630112292274,0.1666666808698788,0.009445574911948864,0.009788367309802346,0.015701205583903362,0.007472131869653616,0.024353049832801177,0.16602471974705374,86.57,high,large_project_size_mismatch
BugHunter,full_BroadleafCommerce_file,full_junit_file,2888,191,6,1.0,0.45394736842105265,0.4607329842931937,0.006785615872141049,0.23281388232222885,0.2379950979681223,0.38848421342692635,0.16666667088634268,0.04318940224521637,0.048903186759941535,0.07780287767091887,0.0419508201972241,0.0614222870520684,0.06613573407202217,83.2,moderate,large_project_size_mismatch
BugHunter,full_BroadleafCommerce_file,full_mcMMO_file,2888,760,6,1.0,0.45394736842105265,0.41973684210526313,0.034210526315789525,0.15669436749769158,0.17257617728531854,0.2708448753462604,0.16685931701316914,0.02931424328530406,0.028810025981709828,0.056657508741655684,0.01578618976456724,0.021402859485331726,0.2631578947368421,86.64,high,none
BugHunter,full_BroadleafCommerce_file,full_mct_file,2888,55,6,1.0,0.45394736842105265,0.2545454545454545,0.19940191387559814,0.1785412994208008,0.20814341475698817,0.2429740619491312,0.1862167936892266,0.039003251112531605,0.04400862600400827,0.06248843794090123,0.037767398827217614,0.07492761264164881,0.019044321329639888,76.41,moderate,moderate_label_distribution_shift;large_project_size_mismatch
BugHunter,full_BroadleafCommerce_file,full_neo4j_file,2888,3655,6,1.0,0.45394736842105265,0.4642954856361149,0.010348117215062236,0.15074876243095317,0.09073035836765937,0.4288962109355757,0.166669250151855,0.015732648004974183,0.009619105512917107,0.0512925552160725,0.014964821535315287,0.022083603717560324,0.7901504787961696,93.22,high,none
BugHunter,full_BroadleafCommerce_file,full_netty_file,2888,4566,6,1.0,0.45394736842105265,0.4231274638633377,0.03081990455771494,0.1165040319694041,0.14567438419341805,0.17864139132671572,0.16666671461838653,0.012490269842589621,0.011019899111321318,0.024733009682079254,0.011804955578661597,0.01453631055614777,0.6325010950503723,91.8,high,none
BugHunter,full_BroadleafCommerce_file,full_orientdb_file,2888,3925,6,1.0,0.45394736842105265,0.45554140127388537,0.0015940328528327163,0.12937636372190953,0.17566173227235032,0.20078435697019956,0.16753858698993238,0.016651925859159672,0.015345170429664295,0.041888197720397216,0.01657936778331088,0.04465128763956905,0.7357961783439491,93.42,high,none
BugHunter,full_BroadleafCommerce_file,full_oryx_file,2888,513,6,1.0,0.45394736842105265,0.15009746588693956,0.3038499025341131,0.23577767518210732,0.25277008310249305,0.40899764029957936,0.16666666666667906,0.049883397555788654,0.059870366298411054,0.08363110951916557,0.049784393995943,0.07781503287659931,0.17763157894736842,72.09,moderate,large_label_distribution_shift;large_project_size_mismatch
BugHunter,full_BroadleafCommerce_file,full_titan_file,2888,462,6,1.0,0.45394736842105265,0.4025974025974026,0.051349965823650034,0.08128125337266612,0.0882087095729755,0.11752767085177057,0.17188575409569348,0.015860849255570072,0.020200025723700495,0.023747749015721183,0.012394462916491855,0.0393285950105975,0.15997229916897507,86.96,high,large_project_size_mismatch
BugHunter,full_MapDB_file,full_antlr4_file,537,359,6,1.0,0.5009310986964618,0.4178272980501393,0.0831038006463225,0.18823928112610208,0.21041533745195373,0.31509521067729,0.16667962722636764,0.050938734997285524,0.04833166977409127,0.10248779938621043,0.04766772044326156,0.07139188260019286,0.6685288640595903,87.06,high,none
BugHunter,full_MapDB_file,full_ceylon-ide-eclipse_file,537,965,6,1.0,0.5009310986964618,0.3844559585492228,0.11647514014723898,0.15251075025006192,0.13152709834910895,0.36775407415984024,0.17100328424398448,0.03463678030862647,0.03650885317336098,0.06684625046938912,0.026071588823549707,0.05914249685504391,0.5564766839378238,86.02,high,moderate_label_distribution_shift
BugHunter,full_MapDB_file,full_elasticsearch_file,537,20220,6,1.0,0.5009310986964618,0.48550939663699305,0.015421702059468745,0.2145969751725434,0.2686835866916434,0.3283310953809769,0.1666671441388928,0.05351319818041894,0.051425709593953636,0.09894213313186404,0.05316648355227121,0.065443696339684,0.02655786350148368,82.62,moderate,large_project_size_mismatch
BugHunter,full_MapDB_file,full_hazelcast_file,537,17395,6,1.0,0.5009310986964618,0.5065248634665134,0.005593764770051579,0.25814982115803803,0.2922154903349333,0.38280012610914227,0.16666666666666666,0.05539781209390776,0.05757369730437316,0.10154032968372781,0.05361631617805279,0.058599730236029435,0.03087093992526588,81.97,moderate,moderate_feature_distribution_shift;large_project_size_mismatch
BugHunter,full_MapDB_file,full_junit_file,537,191,6,1.0,0.5009310986964618,0.4607329842931937,0.04019811440326809,0.38974848960516867,0.47489445923152673,0.6084803104312303,0.1666967062477891,0.10179677791456382,0.10740710259225034,0.17427869646928534,0.10179677791456382,0.12894866013817852,0.35567970204841715,79.02,moderate,moderate_feature_distribution_shift
BugHunter,full_MapDB_file,full_mcMMO_file,537,760,6,1.0,0.5009310986964618,0.41973684210526313,0.08119425659119867,0.24098998660524681,0.27183303930216607,0.3840071547584044,0.16666723815287687,0.07471929619019932,0.0694545581732686,0.136098119984208,0.07338348339055432,0.0935251936426017,0.7065789473684211,85.47,high,none
BugHunter,full_MapDB_file,full_mct_file,537,55,6,1.0,0.5009310986964618,0.2545454545454545,0.24638564415100728,0.2340217820664748,0.2900964956830878,0.36895209073980023,0.209637511267895,0.05624174124353467,0.07312666201101818,0.08813005555758151,0.05012791203345638,0.04287604889588931,0.10242085661080075,73.76,moderate,large_label_distribution_shift;large_project_size_mismatch
BugHunter,full_MapDB_file,full_neo4j_file,537,3655,6,1.0,0.5009310986964618,0.4642954856361149,0.036635613060346905,0.30419244914197113,0.33205705304078237,0.5233284167246215,0.16666666666666666,0.06863188292626364,0.06692019186089906,0.13731465096082265,0.06845806512008004,0.08816231493983852,0.14692202462380302,80.24,moderate,moderate_feature_distribution_shift;large_project_size_mismatch
BugHunter,full_MapDB_file,full_netty_file,537,4566,6,1.0,0.5009310986964618,0.4231274638633377,0.07780363483312408,0.2193810049340482,0.2984648494948086,0.31075082526421915,0.16667632332593993,0.05498218533917362,0.059636516519727734,0.10141252187706204,0.054521764654975165,0.059161306529038414,0.1176084099868594,80.91,moderate,large_project_size_mismatch
BugHunter,full_MapDB_file,full_orientdb_file,537,3925,6,1.0,0.5009310986964618,0.45554140127388537,0.045389697422576425,0.1358652891941153,0.1502048417132216,0.22724074535340236,0.1670619581706152,0.013886124721316848,0.011150850352478356,0.0370531095404393,0.00893992980595562,0.036427652995080065,0.1368152866242038,85.68,high,large_project_size_mismatch
BugHunter,full_MapDB_file,full_oryx_file,537,513,6,1.0,0.5009310986964618,0.15009746588693956,0.35083363280952223,0.4314744029533797,0.5789201433129689,0.6079257734653206,0.16666666666671107,0.10803674387205885,0.11647198353069288,0.17636626472191333,0.10801309318707016,0.14210412088659083,0.9553072625698324,71.32,moderate,large_label_distribution_shift;large_feature_distribution_shift
BugHunter,full_MapDB_file,full_titan_file,537,462,6,1.0,0.5009310986964618,0.4025974025974026,0.09833369609905918,0.23317170104879603,0.2679931800043532,0.36479721395922515,0.1666671157090398,0.062410791369107176,0.06679404389333715,0.09874692713288141,0.05972047117191459,0.06727477694953767,0.8603351955307262,86.97,high,none
BugHunter,full_antlr4_file,full_ceylon-ide-eclipse_file,359,965,6,1.0,0.4178272980501393,0.3844559585492228,0.033371339500916475,0.22839205045679564,0.17698413843866817,0.49672810195274725,0.1673826405538298,0.056623963564092473,0.0589950142925528,0.09905680550004424,0.052006036731755835,0.08048262470704341,0.37202072538860104,84.9,moderate,none
BugHunter,full_antlr4_file,full_elasticsearch_file,359,20220,6,1.0,0.4178272980501393,0.48550939663699305,0.06768209858685376,0.179466398860446,0.2209142331291724,0.2526064267982554,0.16666726443121563,0.014254997590940009,0.013460530415818944,0.02638188985056943,0.011105705737986263,0.0047920197120057545,0.017754698318496537,82.63,moderate,large_project_size_mismatch
BugHunter,full_antlr4_file,full_hazelcast_file,359,17395,6,1.0,0.4178272980501393,0.5065248634665134,0.08869756541637408,0.20741504338406083,0.1962854724847293,0.42064724198754,0.16666674832009779,0.019718709462320915,0.01921335585353521,0.03668486369465806,0.014612233132712421,0.01281262806977719,0.020638114400689852,80.97,moderate,large_project_size_mismatch
BugHunter,full_antlr4_file,full_junit_file,359,191,6,1.0,0.4178272980501393,0.4607329842931937,0.04290568624305441,0.3359219666807644,0.34232670740422055,0.5620615730140442,0.16666666667591415,0.05819374911975264,0.060465217712823004,0.10419144080509145,0.05798222677045498,0.06293709263411863,0.532033426183844,83.44,moderate,moderate_feature_distribution_shift
BugHunter,full_antlr4_file,full_mcMMO_file,359,760,6,1.0,0.4178272980501393,0.41973684210526313,0.0019095440551238352,0.263030836143283,0.2933605776279138,0.3991093681278405,0.16666666667059882,0.03384462008148644,0.03483427756492138,0.06382060283685785,0.025379917466581515,0.023770303015171246,0.4723684210526316,87.19,high,moderate_feature_distribution_shift
BugHunter,full_antlr4_file,full_mct_file,359,55,6,1.0,0.4178272980501393,0.2545454545454545,0.16328184350468478,0.223254832447033,0.23537604456824512,0.37219549252975437,0.21706534136416736,0.03515860081928485,0.03993166624342875,0.06269660392223066,0.022617239745208087,0.05280540035728523,0.1532033426183844,78.4,moderate,moderate_label_distribution_shift;large_project_size_mismatch
BugHunter,full_antlr4_file,full_neo4j_file,359,3655,6,1.0,0.4178272980501393,0.4642954856361149,0.046468187585975596,0.2436863558016327,0.2470847352998335,0.46258226034470273,0.1666666666668494,0.03697704682214958,0.027485689051536998,0.08423910555756087,0.036020335745548714,0.0355359880591797,0.09822161422708618,81.94,moderate,large_project_size_mismatch
BugHunter,full_antlr4_file,full_netty_file,359,4566,6,1.0,0.4178272980501393,0.4231274638633377,0.005300165813198421,0.17365414547230731,0.18605119345239185,0.3124614902201936,0.16666680006806509,0.012259381060636806,0.01199285381421255,0.021167248246069147,0.0083114468432817,0.005823831390051707,0.07862461673236969,85.94,high,large_project_size_mismatch
BugHunter,full_antlr4_file,full_orientdb_file,359,3925,6,1.0,0.4178272980501393,0.45554140127388537,0.037714103223746076,0.1561305584632945,0.1633479410251406,0.2715817114064191,0.16683250706953134,0.016485976447469252,0.013519134970066498,0.0345694907904846,0.011100162762113334,0.04579469888527058,0.09146496815286624,84.92,moderate,large_project_size_mismatch
BugHunter,full_antlr4_file,full_oryx_file,359,513,6,1.0,0.4178272980501393,0.15009746588693956,0.26772983216319973,0.4067684945366615,0.4723484663376175,0.6075681310984052,0.16666666666666666,0.07184286800103454,0.08116191169734377,0.1188250740219877,0.0714232859069624,0.09243887101646149,0.6998050682261209,73.87,moderate,large_label_distribution_shift;large_feature_distribution_shift
BugHunter,full_antlr4_file,full_titan_file,359,462,6,1.0,0.4178272980501393,0.4025974025974026,0.015229895452736675,0.18802529874953275,0.19177248007331574,0.32749098626535955,0.1666725483399231,0.026117244165508393,0.02905231394659417,0.03881008430683456,0.018165025947890236,0.02750715949122576,0.7770562770562771,91.75,high,none
BugHunter,full_ceylon-ide-eclipse_file,full_elasticsearch_file,965,20220,6,1.0,0.3844559585492228,0.48550939663699305,0.10105343808777023,0.21896953033044117,0.22502306237603975,0.42951907258498484,0.16666666791829624,0.04502753548675264,0.04330369810764792,0.08695828136220657,0.04434982863066964,0.06740705919783181,0.04772502472799209,79.5,moderate,moderate_label_distribution_shift;large_project_size_mismatch
BugHunter,full_ceylon-ide-eclipse_file,full_hazelcast_file,965,17395,6,1.0,0.3844559585492228,0.5065248634665134,0.12206890491729055,0.196979955231016,0.217380969756362,0.39841953274048436,0.17303910538336323,0.04044786019056657,0.03440793910842761,0.10769982153027585,0.03850695510800204,0.04817787931128741,0.055475711411325096,79.51,moderate,moderate_label_distribution_shift;large_project_size_mismatch
BugHunter,full_ceylon-ide-eclipse_file,full_junit_file,965,191,6,1.0,0.3844559585492228,0.4607329842931937,0.07627702574397088,0.3692428722567344,0.39644630116919405,0.6630062664460299,0.16667022310522864,0.08474789280702012,0.09986909290110105,0.1376156750514803,0.08474689596319951,0.1234364936603185,0.19792746113989637,76.96,moderate,moderate_feature_distribution_shift;large_project_size_mismatch
BugHunter,full_ceylon-ide-eclipse_file,full_mcMMO_file,965,760,6,1.0,0.3844559585492228,0.41973684210526313,0.03528088355604031,0.22187187528406507,0.2725593127897464,0.3169552767930188,0.16666666666668017,0.06566691193820041,0.07415598466192674,0.11048990104868217,0.06255121472035964,0.0994010345094561,0.7875647668393783,88.81,high,none
BugHunter,full_ceylon-ide-eclipse_file,full_mct_file,965,55,6,1.0,0.3844559585492228,0.2545454545454545,0.1299105040037683,0.20579368817710786,0.23805934997644843,0.326613283089967,0.1783947504663815,0.052864554392223824,0.05884712520419719,0.08685019354397303,0.05247252549228775,0.08599576109887895,0.05699481865284974,78.48,moderate,moderate_label_distribution_shift;large_project_size_mismatch
BugHunter,full_ceylon-ide-eclipse_file,full_neo4j_file,965,3655,6,1.0,0.3844559585492228,0.4642954856361149,0.07983952708689207,0.2242724731777275,0.1902093094136076,0.5790081016139436,0.16713371718952408,0.051111170679804974,0.04519536162277243,0.1268307332222559,0.04914849772902488,0.07307664765023904,0.2640218878248974,82.22,moderate,none
BugHunter,full_ceylon-ide-eclipse_file,full_netty_file,965,4566,6,1.0,0.3844559585492228,0.4231274638633377,0.038671505314114896,0.21882314047586085,0.22327237363799565,0.37902269307496955,0.16666666666666666,0.04865512780264112,0.04411944278284789,0.09819928670434072,0.04789346658193677,0.07147881101165167,0.21134472185720543,83.53,moderate,large_project_size_mismatch
BugHunter,full_ceylon-ide-eclipse_file,full_orientdb_file,965,3925,6,1.0,0.3844559585492228,0.45554140127388537,0.07108544272466255,0.1951605557572357,0.17141942510148178,0.47911158047589186,0.1666666666669536,0.016405700887061142,0.009315177718924402,0.03689000985055528,0.013018002326091389,0.044045513169425066,0.24585987261146497,84.14,moderate,large_project_size_mismatch
BugHunter,full_ceylon-ide-eclipse_file,full_oryx_file,965,513,6,1.0,0.3844559585492228,0.15009746588693956,0.23435849266228326,0.43213647244189923,0.508633558565383,0.669026048137038,0.16666666666666666,0.09072603260956151,0.12779966675267174,0.13905540646299105,0.08894573686407865,0.13230597247240064,0.5316062176165803,72.23,moderate,large_label_distribution_shift;large_feature_distribution_shift
BugHunter,full_ceylon-ide-eclipse_file,full_titan_file,965,462,6,1.0,0.3844559585492228,0.4025974025974026,0.0181414440481798,0.2703623952328616,0.31371599039992826,0.5244084067918264,0.1666909181076449,0.05481540418356773,0.05502499297954598,0.09607351212483352,0.053129546766562334,0.0737334661850316,0.47875647668393784,85.58,high,moderate_feature_distribution_shift
BugHunter,full_elasticsearch_file,full_hazelcast_file,20220,17395,6,1.0,0.48550939663699305,0.5065248634665134,0.021015466829520324,0.09808258907692302,0.0804538762886774,0.2623597882334277,0.16666666666666666,0.009582760951731604,0.009343390088547836,0.022369463698147973,0.006130604572111959,0.016116405086637576,0.8602868447082097,95.02,high,none
BugHunter,full_elasticsearch_file,full_junit_file,20220,191,6,1.0,0.48550939663699305,0.4607329842931937,0.024776412343799348,0.2654735086819851,0.2902385280241946,0.4112956432126193,0.1666666669081216,0.026905033648917664,0.018953362443638558,0.05662248091317912,0.02673525865918801,0.03685416985620412,0.009446092977250247,81.61,moderate,moderate_feature_distribution_shift;large_project_size_mismatch
BugHunter,full_elasticsearch_file,full_mcMMO_file,20220,760,6,1.0,0.48550939663699305,0.41973684210526313,0.06577255453172992,0.14128511808700783,0.15985345411005258,0.20614165235046072,0.16666666676545036,0.01773808535574059,0.020573731502718254,0.02673882302055646,0.012225239804372354,0.025508881858396937,0.03758654797230465,83.7,moderate,large_project_size_mismatch
BugHunter,full_elasticsearch_file,full_mct_file,20220,55,6,1.0,0.48550939663699305,0.2545454545454545,0.23096394209153853,0.11402451817882085,0.1199307616221563,0.1884317957018254,0.4660137471778491,0.020019372296986734,0.019682421569468533,0.037112047201067984,0.018397231426713623,0.04804202605365251,0.0027200791295746785,77.21,moderate,large_label_distribution_shift;large_project_size_mismatch
BugHunter,full_elasticsearch_file,full_neo4j_file,20220,3655,6,1.0,0.48550939663699305,0.4642954856361149,0.02121391100087816,0.13669740018934448,0.07929715672066906,0.364192987939776,0.16711114948066239,0.011374966933272454,0.012351601954580828,0.025449120460628617,0.010817686177222582,0.014228846424456794,0.18076162215628092,87.19,high,large_project_size_mismatch
BugHunter,full_elasticsearch_file,full_netty_file,20220,4566,6,1.0,0.48550939663699305,0.4231274638633377,0.062381932773655335,0.06418218042184244,0.04261724837562114,0.20150766015355398,0.1676624751432603,0.0040917988751301045,0.0032335068363318754,0.008204312935841342,0.0025439284624355694,0.006026030111408631,0.2258160237388724,88.04,high,large_project_size_mismatch
BugHunter,full_elasticsearch_file,full_orientdb_file,20220,3925,6,1.0,0.48550939663699305,0.45554140127388537,0.02996799536310768,0.10844903513579922,0.12482441550586854,0.18504129732181673,0.16666669710208978,0.01716782682333183,0.013546546979024068,0.05194999765312085,0.01550897786772522,0.0440171774506814,0.19411473788328387,87.4,high,large_project_size_mismatch
BugHunter,full_elasticsearch_file,full_oryx_file,20220,513,6,1.0,0.48550939663699305,0.15009746588693956,0.3354119307500535,0.28457971089940476,0.3741031403103869,0.39107594241125393,0.1666666666666721,0.03429580496707843,0.03689075965587073,0.059348972809797174,0.03429326705737886,0.05237113815178935,0.02537091988130564,68.6,limited,large_label_distribution_shift;moderate_feature_distribution_shift;large_project_size_mismatch
BugHunter,full_elasticsearch_file,full_titan_file,20220,462,6,1.0,0.48550939663699305,0.4025974025974026,0.08291199403959043,0.09301289709301579,0.11149177232263287,0.16167867740568037,0.23237765278237732,0.011263397513023138,0.013246557168632728,0.018127693234612764,0.0024969458856641826,0.024211077320503895,0.0228486646884273,84.27,moderate,large_project_size_mismatch
BugHunter,full_hazelcast_file,full_junit_file,17395,191,6,1.0,0.5065248634665134,0.4607329842931937,0.04579187917331967,0.22301763711162512,0.2710496336282467,0.3160997398000569,0.16666718601259747,0.02335211756382229,0.0307590998318962,0.03294731539938265,0.02314975207986787,0.04220254903332624,0.010980166714573154,81.91,moderate,large_project_size_mismatch
BugHunter,full_hazelcast_file,full_mcMMO_file,17395,760,6,1.0,0.5065248634665134,0.41973684210526313,0.08678802136125024,0.16747489952244798,0.17838837536497176,0.2872785585694619,0.16673604824060348,0.022450663272423284,0.024757658579271903,0.03630921159465292,0.0165789500074976,0.031491772719561606,0.043690715722908884,82.12,moderate,large_project_size_mismatch
BugHunter,full_hazelcast_file,full_mct_file,17395,55,6,1.0,0.5065248634665134,0.2545454545454545,0.25197940892105886,0.15431289032898693,0.16712221380229428,0.2779063994355745,0.2473700040991452,0.026118984820384734,0.027514440649068696,0.053929521183042325,0.023228798891624835,0.03628630088758389,0.0031618281115263006,75.29,moderate,large_label_distribution_shift;large_project_size_mismatch
BugHunter,full_hazelcast_file,full_neo4j_file,17395,3655,6,1.0,0.5065248634665134,0.4642954856361149,0.042229377830398485,0.07101673292966054,0.0527783468447975,0.18430591365271953,0.1671617491494981,0.009105667289266513,0.008920286757944502,0.021436201520278152,0.008274024968100162,0.022739473648219932,0.21011784995688415,88.3,high,large_project_size_mismatch
BugHunter,full_hazelcast_file,full_netty_file,17395,4566,6,1.0,0.5065248634665134,0.4231274638633377,0.08339739960317566,0.1134502276785675,0.10238185259482557,0.23849674607308446,0.1666666666712263,0.010643378864706213,0.013357651712269285,0.014262322123250173,0.006762047510610954,0.016113469795183993,0.2624892210405289,86.14,high,none
BugHunter,full_hazelcast_file,full_orientdb_file,17395,3925,6,1.0,0.5065248634665134,0.45554140127388537,0.050983462192628004,0.16199741366000067,0.1515559965800261,0.3119522961243347,0.16666666666666666,0.01861620006896721,0.014254386187266786,0.04403792951459382,0.01861502066945072,0.04775780088881102,0.225639551595286,85.46,high,large_project_size_mismatch
BugHunter,full_hazelcast_file,full_oryx_file,17395,513,6,1.0,0.5065248634665134,0.15009746588693956,0.3564273975795738,0.25256856277365297,0.29810189457547287,0.450514728583139,0.16666666768399277,0.027608248393288553,0.03012642380928919,0.06503284973138623,0.02697942179342931,0.05600345768723505,0.029491233112963495,68.76,limited,large_label_distribution_shift;moderate_feature_distribution_shift;large_project_size_mismatch
BugHunter,full_hazelcast_file,full_titan_file,17395,462,6,1.0,0.5065248634665134,0.4025974025974026,0.10392746086911075,0.12784804062470057,0.1085229994686735,0.3572491224402693,0.1677469801708055,0.011917043140305008,0.01353813939009427,0.017626058554431334,0.007158959249769701,0.009444297802286734,0.026559356136820925,82.61,moderate,moderate_label_distribution_shift;large_project_size_mismatch
BugHunter,full_junit_file,full_mcMMO_file,191,760,6,1.0,0.4607329842931937,0.41973684210526313,0.04099614218793057,0.26222214567833196,0.256027831358501,0.6011573436208322,0.1668595197309076,0.06388612370834246,0.057307666374839736,0.1614089257241641,0.061374893091136445,0.06758462984397269,0.2513157894736842,82.41,moderate,moderate_feature_distribution_shift
BugHunter,full_junit_file,full_mct_file,191,55,6,1.0,0.4607329842931937,0.2545454545454545,0.20618752974773918,0.29512930350626687,0.3504521656354117,0.5721085197524988,0.3021176212758092,0.0708304460148476,0.0710503711985595,0.14465842476313684,0.06724173866785126,0.11305578788331887,0.2879581151832461,74.95,moderate,large_label_distribution_shift;moderate_feature_distribution_shift
BugHunter,full_junit_file,full_neo4j_file,191,3655,6,1.0,0.4607329842931937,0.4642954856361149,0.003562501342921187,0.20955085553032857,0.2461613940596329,0.3035474606255506,0.1666669256915053,0.020230620674865776,0.02544047929283842,0.02875673964517234,0.020083032051354987,0.030286781104085114,0.05225718194254446,84.49,moderate,large_project_size_mismatch
BugHunter,full_junit_file,full_netty_file,191,4566,6,1.0,0.4607329842931937,0.4231274638633377,0.03760552042985599,0.23928761717803415,0.2665960330510282,0.40810979399293207,0.17453574997684465,0.028545864370314214,0.028615105314095026,0.05742000432931462,0.028386134005123534,0.04394272146320386,0.041830924222514235,82.0,moderate,large_project_size_mismatch
BugHunter,full_junit_file,full_orientdb_file,191,3925,6,1.0,0.4607329842931937,0.45554140127388537,0.005191583019308332,0.3240455308411423,0.38687698002467735,0.46876713242405044,0.1666666666666725,0.024495956130143798,0.0206229899384179,0.07112027777481936,0.0239719591620035,0.05764651931752651,0.0486624203821656,81.28,moderate,moderate_feature_distribution_shift;large_project_size_mismatch
BugHunter,full_junit_file,full_oryx_file,191,513,6,1.0,0.4607329842931937,0.15009746588693956,0.31063551840625414,0.15447067348417584,0.1616504903911903,0.2448077727769103,0.17538748390876713,0.03433956442987119,0.03427744275443172,0.06825428900931793,0.024975894480367966,0.043895136022286896,0.3723196881091618,76.45,moderate,large_label_distribution_shift
BugHunter,full_junit_file,full_titan_file,191,462,6,1.0,0.4607329842931937,0.4025974025974026,0.05813558169579108,0.26585601716491775,0.2966614537295166,0.41863285057002336,0.16666668403625506,0.04621074855683937,0.051738358334303756,0.1035976246793837,0.04375335013393431,0.06468264310086727,0.4134199134199134,83.71,moderate,moderate_feature_distribution_shift
BugHunter,full_mcMMO_file,full_mct_file,760,55,6,1.0,0.41973684210526313,0.2545454545454545,0.1651913875598086,0.1625598086124402,0.1680622009569378,0.2950956937799043,0.2310553111080396,0.041491389521646355,0.0491289412342044,0.06550268608393117,0.029350993705878934,0.08507444221223903,0.07236842105263158,78.71,moderate,moderate_label_distribution_shift;large_project_size_mismatch
BugHunter,full_mcMMO_file,full_neo4j_file,760,3655,6,1.0,0.41973684210526313,0.4642954856361149,0.04455864353085176,0.18683970528235772,0.14259125926992583,0.45524515803873566,0.16852914767827662,0.03981149361234353,0.01534539459616366,0.139084118096286,0.035366750323108154,0.04256780836256411,0.2079343365253078,84.46,moderate,large_project_size_mismatch
BugHunter,full_mcMMO_file,full_netty_file,760,4566,6,1.0,0.41973684210526313,0.4231274638633377,0.0033906217580745857,0.15112540440018138,0.1543649284182862,0.26763031099430573,0.16666666667377825,0.017158371040856466,0.018366239580521394,0.029769223726648253,0.01280960880384499,0.020371793468598954,0.16644765659220323,87.26,high,large_project_size_mismatch
BugHunter,full_mcMMO_file,full_orientdb_file,760,3925,6,1.0,0.41973684210526313,0.45554140127388537,0.03580455916862224,0.20133422728796513,0.21654039557492455,0.37447033188065704,0.16666666666737315,0.022588537668428475,0.01747939640524491,0.057521492507386085,0.01591087237249016,0.03914484149076817,0.19363057324840766,84.78,moderate,large_project_size_mismatch
BugHunter,full_mcMMO_file,full_oryx_file,760,513,6,1.0,0.41973684210526313,0.15009746588693956,0.26963937621832357,0.28295159194282,0.29844054580896684,0.5525828460038986,0.1666666666666704,0.07130517698253479,0.07279418348621114,0.15537395244997587,0.07063880597871078,0.08826475772199328,0.675,76.67,moderate,large_label_distribution_shift;moderate_feature_distribution_shift
BugHunter,full_mcMMO_file,full_titan_file,760,462,6,1.0,0.41973684210526313,0.4025974025974026,0.01713943950786051,0.18158559276980327,0.1796764638869902,0.30103098655730237,0.16668119586931954,0.033450602310292635,0.034180591340793084,0.06037687547593491,0.02022504918204567,0.048964616411678465,0.6078947368421053,89.9,high,none
BugHunter,full_mct_file,full_neo4j_file,55,3655,6,1.0,0.2545454545454545,0.4642954856361149,0.20975003109066037,0.18278821042158935,0.1610869294863823,0.44914811590598186,0.26300668917683806,0.042518873235288045,0.03232922878269248,0.12233361713525874,0.04177506628774629,0.07719241906967858,0.015047879616963064,75.75,moderate,large_label_distribution_shift;large_project_size_mismatch
BugHunter,full_mct_file,full_netty_file,55,4566,6,1.0,0.2545454545454545,0.4231274638633377,0.1685820093178832,0.11746373060433507,0.11282403536017202,0.21633815155497152,0.4728081564738948,0.016917166117755185,0.020003183110477198,0.02730283822220381,0.014010893741875854,0.037187073971666595,0.012045554095488393,79.86,moderate,moderate_label_distribution_shift;large_project_size_mismatch
BugHunter,full_mct_file,full_orientdb_file,55,3925,6,1.0,0.2545454545454545,0.45554140127388537,0.20099594672843085,0.1556417679984559,0.14365952518818761,0.31105964099594674,0.32816989816474623,0.021195192088734553,0.010546625956405896,0.06490085097481636,0.020103180065475564,0.05133281315263919,0.014012738853503185,77.43,moderate,large_label_distribution_shift;large_project_size_mismatch
BugHunter,full_mct_file,full_oryx_file,55,513,6,1.0,0.2545454545454545,0.15009746588693956,0.10444798865851496,0.34763423710792135,0.4417508417508418,0.540776182881446,0.18105708727533076,0.08543689044070431,0.10263676779440815,0.1386234514889486,0.08518912553495213,0.14704357721189348,0.10721247563352826,75.33,moderate,moderate_label_distribution_shift;moderate_feature_distribution_shift;large_project_size_mismatch
BugHunter,full_mct_file,full_titan_file,55,462,6,1.0,0.2545454545454545,0.4025974025974026,0.1480519480519481,0.1784992784992785,0.1854978354978355,0.27316017316017316,0.20291621551833136,0.03246548012488406,0.03129496974601857,0.05633889919604203,0.026353369021207464,0.03456839312857518,0.11904761904761904,79.88,moderate,moderate_label_distribution_shift;large_project_size_mismatch
BugHunter,full_neo4j_file,full_netty_file,3655,4566,6,1.0,0.4642954856361149,0.4231274638633377,0.041168021772777175,0.16755333289790975,0.16473865896326442,0.31369660842976066,0.1666666666698926,0.014696572854012963,0.013129964728383871,0.03919716196334089,0.013975829291441809,0.021379799181105327,0.8004818221638196,91.7,high,none
BugHunter,full_neo4j_file,full_orientdb_file,3655,3925,6,1.0,0.4642954856361149,0.45554140127388537,0.00875408436222952,0.21761772402636068,0.17802974722699033,0.413785495830683,0.16666666666666666,0.020074369583763647,0.016242424313878973,0.043450528260384105,0.0200337310600085,0.051333617950485626,0.9312101910828026,92.76,high,none
BugHunter,full_neo4j_file,full_oryx_file,3655,513,6,1.0,0.4642954856361149,0.15009746588693956,0.31419801974917533,0.23503900857682028,0.2860574448737744,0.40058772863150427,0.16669118225997184,0.020843444432245756,0.02398406054942457,0.03368543850547267,0.01864184375294213,0.0372036516079316,0.14035567715458278,72.27,moderate,large_label_distribution_shift;large_project_size_mismatch
BugHunter,full_neo4j_file,full_titan_file,3655,462,6,1.0,0.4642954856361149,0.4025974025974026,0.06169808303871227,0.18545707218757834,0.13015468343785716,0.45908232214661765,0.16675866820191812,0.027354243191235864,0.01819489682220161,0.08373448785457958,0.023906461917763702,0.04401488035517715,0.12640218878248974,83.29,moderate,large_project_size_mismatch
BugHunter,full_netty_file,full_orientdb_file,4566,3925,6,1.0,0.4231274638633377,0.45554140127388537,0.032413937410547655,0.13336338095756228,0.1211259628770949,0.3109916831970449,0.16666666666666666,0.013466340686026224,0.011393820538218417,0.03514195454759146,0.011753588663647061,0.03263069393566173,0.8596145422689444,93.48,high,none
BugHunter,full_netty_file,full_oryx_file,4566,513,6,1.0,0.4231274638633377,0.15009746588693956,0.27302999797639815,0.2850516445393915,0.3303683723837261,0.42563647401464677,0.16666666666666666,0.032559426299262735,0.03450755473364235,0.05995431408494626,0.03241313265238118,0.05255504189060936,0.11235216819973719,72.0,moderate,large_label_distribution_shift;moderate_feature_distribution_shift;large_project_size_mismatch
BugHunter,full_netty_file,full_titan_file,4566,462,6,1.0,0.4231274638633377,0.4025974025974026,0.020530061265935096,0.12031095638191565,0.12967245194577653,0.24912253755880562,0.20523408046940964,0.010474971875613479,0.01087597472983843,0.018535011298308438,0.0032787765735820666,0.023241929801838684,0.1011826544021025,86.88,high,large_project_size_mismatch
BugHunter,full_orientdb_file,full_oryx_file,3925,513,6,1.0,0.45554140127388537,0.15009746588693956,0.3054439353869458,0.34123191914677004,0.4257312424727778,0.5669167256428403,0.16666666666717955,0.031121892246000444,0.022346800205719584,0.09744026180025642,0.03111966789715882,0.07277275129667377,0.13070063694267517,69.42,limited,large_label_distribution_shift;moderate_feature_distribution_shift;large_project_size_mismatch
BugHunter,full_orientdb_file,full_titan_file,3925,462,6,1.0,0.45554140127388537,0.4025974025974026,0.05294399867648275,0.11914118436411429,0.14815010891444014,0.1736862712658891,0.16742650366020317,0.01787255243592157,0.013650300321836565,0.05156933083701351,0.016974452033678724,0.05229992268515152,0.11770700636942676,85.38,high,large_project_size_mismatch
BugHunter,full_oryx_file,full_titan_file,513,462,6,1.0,0.15009746588693956,0.4025974025974026,0.25249993671046306,0.2781997080242694,0.2828156249208881,0.49013949013949015,0.16666666666833532,0.06644431856737675,0.05403111757145755,0.1592972329814435,0.06629652690307831,0.10071385510863644,0.9005847953216374,79.79,moderate,large_label_distribution_shift;moderate_feature_distribution_shift
JIRA,activemq-5.8.0,derby-10.5.1.1,2825,2681,67,1.0,0.07292035398230089,0.14285714285714285,0.06993678887484196,0.20083049382912507,0.1437428247946051,0.8142484147706079,0.07256181489565355,0.03240088662118834,0.011025863166967647,0.78572561619703,0.03202164996353198,0.029881480299307372,0.9490265486725664,90.72,high,none
JIRA,activemq-5.8.0,groovy-1_6_BETA_2,2825,868,67,1.0,0.07292035398230089,0.08410138248847926,0.011181028506178373,0.13868871457727067,0.07692304555279149,0.6567811263814689,0.17488807162943557,0.022517273173074233,0.007458737991342676,0.6441297157591698,0.020212754008393508,0.029857343831725006,0.3072566371681416,88.47,high,none
JIRA,activemq-5.8.0,hbase-0.95.2,2825,1821,67,1.0,0.07292035398230089,0.2652388797364086,0.19231852575410768,0.15554852757251486,0.1327107054861425,0.5256882098234462,0.08034977288115236,0.021317925157746626,0.0058679347397922,0.38051212897586073,0.019378054066399638,0.03327289162782892,0.6446017699115044,84.18,moderate,moderate_label_distribution_shift
JIRA,activemq-5.8.0,hive-0.12.0,2825,2537,67,1.0,0.07292035398230089,0.08277493102089081,0.009854577038589926,0.1276007702565236,0.08693495557780251,0.6233381354188104,0.023338387033551775,0.019710874185623225,0.005594793958304043,0.479856112479099,0.015534886145901006,0.028529700245839916,0.8980530973451327,94.8,high,none
JIRA,activemq-5.8.0,jruby-1.7.0.preview1,2825,1576,67,1.0,0.07292035398230089,0.05520304568527919,0.0177173082970217,0.14729748566363635,0.09430865639459143,0.6277209020259646,0.06999207484925347,0.023503284282710632,0.00954874100130402,0.5568836574280626,0.02105636563281368,0.03501061185712497,0.5578761061946903,90.45,high,none
JIRA,activemq-5.8.0,wicket-1.5.3,2825,2521,67,1.0,0.07292035398230089,0.04165013883379611,0.031270215148504775,0.2159330072772413,0.20881978987127597,0.7033900720672018,0.09063133925292945,0.03492167389249677,0.015354463659189344,0.6354579569499981,0.03368276563946777,0.027378650521024766,0.8923893805309735,91.28,high,none
JIRA,derby-10.5.1.1,groovy-1_6_BETA_2,2681,868,67,1.0,0.14285714285714285,0.08410138248847926,0.05875576036866359,0.15838618628530768,0.15402894923656316,0.526251037768767,0.07462434166282331,0.01734185194041027,0.010023368977855647,0.1415959004378602,0.01566508123048571,0.022180627775234576,0.3237597911227154,86.4,high,none
JIRA,derby-10.5.1.1,hbase-0.95.2,2681,1821,67,1.0,0.14285714285714285,0.2652388797364086,0.12238173687926573,0.13692982872155723,0.05973719101673644,0.5836059106519919,0.11789531626113842,0.02007362231142977,0.003733079113632233,0.4052134872211691,0.019328010845678034,0.027615404013014537,0.6792241700857888,87.84,high,moderate_label_distribution_shift
JIRA,derby-10.5.1.1,hive-0.12.0,2681,2537,67,1.0,0.14285714285714285,0.08277493102089081,0.060082211836252036,0.13231320483082518,0.0732211387834536,0.46267865210696685,0.07693945943452898,0.017469465205351146,0.0035832183296504562,0.3058695037179308,0.016866217693199657,0.02261956080822255,0.9462886982469227,93.21,high,none
JIRA,derby-10.5.1.1,jruby-1.7.0.preview1,2681,1576,67,1.0,0.14285714285714285,0.05520304568527919,0.08765409717186366,0.1606983968951566,0.11854547984784827,0.6223322326505187,0.05710168373355714,0.016429691180294435,0.005694366422658451,0.22884195876896735,0.015100951830951006,0.02155222834872455,0.5878403580753451,87.85,high,none
JIRA,derby-10.5.1.1,wicket-1.5.3,2681,2521,67,1.0,0.14285714285714285,0.04165013883379611,0.10120700402334673,0.2344511308016663,0.2507850134957369,0.5002357666692657,0.04197659218273801,0.030095500320572694,0.018178217173054657,0.24364728656820026,0.02961646494922059,0.036009796992398035,0.9403207758299142,88.57,high,moderate_label_distribution_shift
JIRA,groovy-1_6_BETA_2,hbase-0.95.2,868,1821,67,1.0,0.08410138248847926,0.2652388797364086,0.18113749724792932,0.18032209302488086,0.16315730203438128,0.4228294070458071,0.05723986404779801,0.02178873709848787,0.006000977445103615,0.26361758678330893,0.02072291562238961,0.025240723436115938,0.47666117517847334,82.35,moderate,moderate_label_distribution_shift
JIRA,groovy-1_6_BETA_2,hive-0.12.0,868,2537,67,1.0,0.08410138248847926,0.08277493102089081,0.0013264514675884465,0.12083790074040864,0.1165011289141898,0.24568551338803224,0.08319382612868167,0.01566987879672657,0.00591557552152322,0.16427360328007062,0.014597858141338942,0.02137208242694138,0.34213638155301535,89.86,high,none
JIRA,groovy-1_6_BETA_2,jruby-1.7.0.preview1,868,1576,67,1.0,0.08410138248847926,0.05520304568527919,0.028898336803200073,0.09280613354663442,0.05730543404524083,0.46775655570890545,0.23617641965485803,0.009613433568989607,0.005230227073997319,0.08724605833110716,0.008167203560688691,0.016444172817165842,0.550761421319797,91.72,high,none
JIRA,groovy-1_6_BETA_2,wicket-1.5.3,868,2521,67,1.0,0.08410138248847926,0.04165013883379611,0.04245124365468315,0.14874602141788876,0.14815869278704047,0.5797124431274986,0.12587343817207527,0.020864041903825774,0.009682668807265492,0.17641247621363038,0.019967102449546952,0.03202680715099062,0.3443078143593812,87.35,high,none
JIRA,hbase-0.95.2,hive-0.12.0,1821,2537,67,1.0,0.2652388797364086,0.08277493102089081,0.18246394871551777,0.08251101626053177,0.06899209654283003,0.1998256663543207,0.09770062264886613,0.010590642649573852,0.003958763404307058,0.10313678690126167,0.009275208159170614,0.015761396082127784,0.7177769018525818,87.49,high,moderate_label_distribution_shift
JIRA,hbase-0.95.2,jruby-1.7.0.preview1,1821,1576,67,1.0,0.2652388797364086,0.05520304568527919,0.2100358340511294,0.15154707982761578,0.13531187192846011,0.4678103318029643,0.07345627440498559,0.016489094454436266,0.004710584944154365,0.17637152845220178,0.015255740724316085,0.025338175022360705,0.8654585392641406,85.94,high,large_label_distribution_shift
JIRA,hbase-0.95.2,wicket-1.5.3,1821,2521,67,1.0,0.2652388797364086,0.04165013883379611,0.22358874090261247,0.25188125337825107,0.2987942469418336,0.4485007975836581,0.04725315857731247,0.02916939903782772,0.007371482883109719,0.25494582797413734,0.027664796164788542,0.03511580238736234,0.7223324077746925,81.09,moderate,large_label_distribution_shift;moderate_feature_distribution_shift
JIRA,hive-0.12.0,jruby-1.7.0.preview1,2537,1576,67,1.0,0.08277493102089081,0.05520304568527919,0.027571885335611626,0.11313500789870638,0.10013550718403166,0.46890862944162437,0.04880611562764156,0.012287814728462501,0.003759620216514901,0.08529474438212925,0.01135282480736817,0.020879657256035317,0.6212061489948758,91.88,high,none
JIRA,hive-0.12.0,wicket-1.5.3,2537,2521,67,1.0,0.08277493102089081,0.04165013883379611,0.0411247921870947,0.21121475352980054,0.21484410729142056,0.5023825877606427,0.04101997581067289,0.023327094308540124,0.008345424439315264,0.1671825018289412,0.022558382286614612,0.0261604170195991,0.9936933385888845,92.31,high,none
JIRA,jruby-1.7.0.preview1,wicket-1.5.3,1576,2521,67,1.0,0.05520304568527919,0.04165013883379611,0.013552906851483075,0.209046982842419,0.1985247776545042,0.6757936380092502,0.04989740114392636,0.025593265955846784,0.013710279012121669,0.15939611325777178,0.025098253497850255,0.03424752976547781,0.625148750495835,89.68,high,none
Kamei,bugzilla,columba,4620,4455,15,1.0,0.3670995670995671,0.30549943883277214,0.06160012826679495,0.41362353695687026,0.32204585537918873,0.7926166426166427,2.3319854498600337e-18,0.1630395946750821,0.14131234596648293,0.5315616482283149,0.16278801966311007,0.10728460348144028,0.9642857142857143,82.23,moderate,large_feature_distribution_shift
Kamei,bugzilla,postgres,4620,20431,15,1.0,0.3670995670995671,0.25055063384073223,0.11654893325883486,0.32102090639362435,0.14568318960174476,0.907199843375263,5.835527248998574e-20,0.14208894453804016,0.053009891585175085,0.4516038530842522,0.14203683055331345,0.09972185896123134,0.22612696392736528,75.52,moderate,moderate_label_distribution_shift;moderate_feature_distribution_shift;large_project_size_mismatch
Kamei,columba,postgres,4455,20431,15,1.0,0.30549943883277214,0.25055063384073223,0.05494880499203991,0.25734717767391424,0.17649375377011478,0.8606039841417454,0.01735268007054472,0.06903923549141394,0.03631427258728924,0.35342795009450095,0.06509291585233407,0.04824790810587547,0.21805100092995938,81.62,moderate,moderate_feature_distribution_shift;large_project_size_mismatch
NASA,CM1,KC3,327,194,37,0.9487179487179487,0.12844036697247707,0.18556701030927836,0.057126643336801286,0.19453554566578307,0.1553958195403386,0.6514707273243167,0.2633740735469216,0.04778161160810532,0.027394888285836933,0.33259730225141426,0.04403765727935601,0.04782512407038182,0.5932721712538226,86.62,high,none
NASA,CM1,MC2,327,124,37,0.9487179487179487,0.12844036697247707,0.3548387096774194,0.2263983427049423,0.17206567324945543,0.13606096478248003,0.4756338167110585,0.1679023242701461,0.04147607847395675,0.02922927208716,0.2935418783287518,0.03570549644725832,0.035119564600431745,0.37920489296636084,78.51,moderate,large_label_distribution_shift
NASA,CM1,MW1,327,254,37,1.0,0.12844036697247707,0.1062992125984252,0.02214115437405187,0.2067282192255103,0.17553998410749114,0.6827638517662357,0.10299753699585534,0.0507262875953477,0.038416525176513165,0.18528736978396054,0.04995759433042375,0.059974920746588084,0.7767584097859327,90.15,high,none
NASA,CM1,PC1,327,691,37,1.0,0.12844036697247707,0.08827785817655572,0.040162508795921356,0.1518258257460849,0.11214965679310665,0.4635660767314135,0.20838696460007017,0.03426330947461722,0.016284263057421124,0.23569124976954148,0.032488113795789225,0.022351613026754293,0.4732272069464544,88.38,high,none
NASA,CM1,PC2,327,722,36,0.972972972972973,0.12844036697247707,0.0221606648199446,0.10627970215253248,0.35237918418558334,0.3022313146458614,0.9656069192779148,0.007717527031219643,0.06454294350904265,0.04342686029160753,0.5238399795518545,0.06310373457475521,0.03695980289844285,0.45290858725761773,79.28,moderate,moderate_label_distribution_shift;moderate_feature_distribution_shift
NASA,CM1,PC3,327,1057,37,1.0,0.12844036697247707,0.12488174077578051,0.003558626196696557,0.15590973960255203,0.12094699961520546,0.472362783135005,0.11747552118795673,0.029644812121182636,0.012634503253578696,0.15169510884137485,0.027892121757905664,0.02537335037045878,0.3093661305581835,88.2,high,none
NASA,CM1,PC4,327,1272,37,1.0,0.12844036697247707,0.1391509433962264,0.01071057642374934,0.28939648060731665,0.26254976631469623,0.4834905660377358,0.002755971913062105,0.05015127250364796,0.04097219217009982,0.19969082857307716,0.048852927072417784,0.04736735229582114,0.25707547169811323,83.43,moderate,moderate_feature_distribution_shift
NASA,CM1,PC5,327,1718,36,0.9230769230769231,0.12844036697247707,0.27357392316647267,0.1451335561939956,0.2558837153095465,0.25258194401426876,0.6954160481037264,0.012805749335337475,0.02752651664637203,0.012861496223955224,0.16899055868248763,0.021762320407997075,0.0407266535388465,0.19033760186263096,77.71,moderate,moderate_label_distribution_shift;moderate_feature_distribution_shift;large_project_size_mismatch
NASA,KC3,MC2,194,124,39,1.0,0.18556701030927836,0.3548387096774194,0.16927169936814102,0.21711092919938949,0.16794146990355838,0.7907382773528434,0.1609408533119748,0.06511373472553224,0.04290535199289091,0.4716880543337024,0.05849164193901368,0.07003704716311338,0.6391752577319587,82.28,moderate,moderate_label_distribution_shift
NASA,KC3,MW1,194,254,37,0.9487179487179487,0.18556701030927836,0.1062992125984252,0.07926779771085316,0.1692277146047744,0.14806396623102525,0.4114782043997078,0.2071163606062196,0.047713783910498596,0.034326907719697215,0.16146908561585038,0.043707701174680674,0.04826084274724145,0.7637795275590551,88.07,high,none
NASA,KC3,PC1,194,691,37,0.9487179487179487,0.18556701030927836,0.08827785817655572,0.09728915213272264,0.15168494019554044,0.13870529786503946,0.5523967953212884,0.13763123375927,0.032678482641372596,0.017825102688390316,0.2533785815502262,0.028726836349128492,0.03656013889116086,0.28075253256150506,83.39,moderate,none
NASA,KC3,PC2,194,722,36,0.9230769230769231,0.18556701030927836,0.0221606648199446,0.16340634548933375,0.35302654583646675,0.32963274980723645,0.9986149584487535,0.020807142060381527,0.0714950198450757,0.03919138822059627,0.767338442156885,0.06822117851561514,0.03414396426903498,0.26869806094182824,74.25,moderate,moderate_label_distribution_shift;moderate_feature_distribution_shift
NASA,KC3,PC3,194,1057,37,0.9487179487179487,0.18556701030927836,0.12488174077578051,0.06068526953349784,0.16330264370818748,0.1323137843927084,0.5525022188844132,0.12280827740637343,0.031477468118684036,0.00985486255063433,0.27670240037612054,0.02782397732482797,0.03693150483315585,0.18353831598864712,83.62,moderate,large_project_size_mismatch
NASA,KC3,PC4,194,1272,37,0.9487179487179487,0.18556701030927836,0.1391509433962264,0.046416066913051945,0.301259219733252,0.2970644491992479,0.6303896777540038,0.00785122120856193,0.0543095654162004,0.03927180108248965,0.2005388543085003,0.05039326982516083,0.03930291550875316,0.15251572327044025,79.85,moderate,moderate_feature_distribution_shift;large_project_size_mismatch
NASA,KC3,PC5,194,1718,38,0.9743589743589743,0.18556701030927836,0.27357392316647267,0.08800691285719431,0.27923941516116424,0.28078381719333195,0.5449275710188063,0.01114738772042107,0.03600204590841357,0.014285598498713368,0.17159479290583549,0.030485699371038556,0.055456043679489156,0.11292200232828871,79.12,moderate,moderate_feature_distribution_shift;large_project_size_mismatch
NASA,MC2,MW1,124,254,37,0.9487179487179487,0.3548387096774194,0.1062992125984252,0.24853949707899417,0.21644275720983872,0.21494792989585979,0.5965201930403861,0.1167789443693509,0.07180472184039197,0.060064925007898784,0.38677730963709345,0.06767208678072195,0.08059631200729535,0.4881889763779528,76.6,moderate,large_label_distribution_shift
NASA,MC2,PC1,124,691,37,0.9487179487179487,0.3548387096774194,0.08827785817655572,0.26656085150086367,0.15007248507085116,0.1357429625134214,0.3481046636478222,0.17055168609097235,0.03130226296914049,0.02019931252902343,0.2183094727834763,0.027982095584360215,0.02124150336593465,0.17945007235890015,75.76,moderate,large_label_distribution_shift;large_project_size_mismatch
NASA,MC2,PC2,124,722,36,0.9230769230769231,0.3548387096774194,0.0221606648199446,0.33267804485747476,0.36738227146814406,0.32941649539808776,0.9582923778035922,0.010926947266048299,0.08089417362483492,0.052226149173489944,0.6058869688769807,0.07762233074249981,0.04257607927853515,0.17174515235457063,65.87,limited,large_label_distribution_shift;moderate_feature_distribution_shift;large_project_size_mismatch
NASA,MC2,PC3,124,1057,37,0.9487179487179487,0.3548387096774194,0.12488174077578051,0.22995696890163886,0.16590872161263104,0.1619312112796411,0.3217490157780694,0.11016187138779555,0.02783873975324766,0.019904171880245368,0.19019181817445746,0.023583622558778206,0.02619434144686017,0.1173131504257332,76.27,moderate,large_label_distribution_shift;large_project_size_mismatch
NASA,MC2,PC4,124,1272,37,0.9487179487179487,0.3548387096774194,0.1391509433962264,0.21568776628119296,0.25076834290163563,0.24338101034692636,0.4834905660377358,0.08275331025179562,0.061759253476433136,0.05194298171414274,0.29987602303221206,0.057198640230349033,0.055116115735695255,0.09748427672955975,73.53,moderate,large_label_distribution_shift;moderate_feature_distribution_shift;large_project_size_mismatch
NASA,MC2,PC5,124,1718,38,0.9743589743589743,0.3548387096774194,0.27357392316647267,0.08126478651094671,0.21036276240189272,0.19385350557662698,0.4729148672499906,0.051944768300648,0.030048083042494622,0.011638441606671636,0.29067345504312725,0.02445384235344398,0.03928122162662154,0.07217694994179279,80.94,moderate,large_project_size_mismatch
NASA,MW1,PC1,254,691,37,1.0,0.1062992125984252,0.08827785817655572,0.018021354421869487,0.16001603321703142,0.13881513725400824,0.3434312932301697,0.08205179284199231,0.033743549032267,0.01649297132092628,0.21134735690600187,0.031339701076541604,0.0395120795509275,0.3675832127351664,87.94,high,none
NASA,MW1,PC2,254,722,36,0.972972972972973,0.1062992125984252,0.0221606648199446,0.08413854777848061,0.28661877791591844,0.26128754335070997,0.9631818875826117,0.036989923999379885,0.0560048714106567,0.02054123774262711,0.6594787364167498,0.051562877884743674,0.033710301865444624,0.3518005540166205,81.06,moderate,moderate_feature_distribution_shift
NASA,MW1,PC3,254,1057,37,1.0,0.1062992125984252,0.12488174077578051,0.018582528177355312,0.15033342104833997,0.11315638525316786,0.4114489827844367,0.10461720980860528,0.030829170254091716,0.010436833746396406,0.19265809184988517,0.02674089469625944,0.03519374580590545,0.2403027436140019,87.0,high,large_project_size_mismatch
NASA,MW1,PC4,254,1272,37,1.0,0.1062992125984252,0.1391509433962264,0.03285173079780121,0.24162741704711693,0.20562199772198286,0.4834905660377358,0.03667963486567793,0.03840366317926409,0.025674403101618674,0.1627125710848644,0.03139228950734186,0.029802196318686896,0.19968553459119498,83.6,moderate,large_project_size_mismatch
NASA,MW1,PC5,254,1718,36,0.9230769230769231,0.1062992125984252,0.27357392316647267,0.16727471056804746,0.22228320484968483,0.19556937658694876,0.4726838568927429,0.006287748853815561,0.027431526024204685,0.015536251858394863,0.17781741266625722,0.02358148673675693,0.04965288230209502,0.1478463329452852,77.18,moderate,moderate_label_distribution_shift;large_project_size_mismatch
NASA,PC1,PC2,691,722,36,0.972972972972973,0.08827785817655572,0.0221606648199446,0.06611719335661112,0.29328922981534117,0.25660550569049634,0.9769072884053381,0.0100189604963899,0.05370719524947801,0.021607493086672633,0.6963923622075605,0.05233198019573232,0.025500014942405867,0.9570637119113573,87.73,high,moderate_feature_distribution_shift
NASA,PC1,PC3,691,1057,37,1.0,0.08827785817655572,0.12488174077578051,0.0366038825992248,0.054882160027788306,0.04780616303411753,0.2540228673292378,0.35959013486324637,0.00941659501991556,0.004014638416260144,0.07513218530528532,0.00801626723678312,0.013688281272686719,0.6537369914853358,93.41,high,none
NASA,PC1,PC4,691,1272,37,1.0,0.08827785817655572,0.1391509433962264,0.0508730852196707,0.20767462503871315,0.18126132029962955,0.4834905660377358,0.04440732824406444,0.031008947325552174,0.018015912602500617,0.1476116638256209,0.03002656344604596,0.030937222116965455,0.5432389937106918,87.29,high,none
NASA,PC1,PC5,691,1718,36,0.9230769230769231,0.08827785817655572,0.27357392316647267,0.18529606498991696,0.2044894247060297,0.19142256418377646,0.4032985213176564,0.004580512862449816,0.025656411346420868,0.010807876226035244,0.11860788720435197,0.02244537047384551,0.03922675393619616,0.4022118742724098,79.54,moderate,moderate_label_distribution_shift
NASA,PC2,PC3,722,1057,36,0.972972972972973,0.0221606648199446,0.12488174077578051,0.10272107595583592,0.26223810077069054,0.2118556674013371,0.9282123922563467,0.002129685375043983,0.04528869245337846,0.010552344932658416,0.6603586690165505,0.044184521275931185,0.02737466460356414,0.6830652790917692,84.5,moderate,moderate_label_distribution_shift;moderate_feature_distribution_shift
NASA,PC2,PC4,722,1272,36,0.972972972972973,0.0221606648199446,0.1391509433962264,0.11699027857628182,0.26835028823576096,0.19200138504155123,0.9015096081813272,0.02169570507934245,0.04735504213106529,0.011558910721198756,0.6282435648553958,0.043292032231093236,0.02904745225876488,0.5676100628930818,82.59,moderate,moderate_label_distribution_shift;moderate_feature_distribution_shift
NASA,PC2,PC5,722,1718,35,0.8974358974358975,0.0221606648199446,0.27357392316647267,0.25141325834652806,0.2872944723182873,0.2397943882437544,0.9293483693917104,4.320637062021691e-05,0.0484759012306929,0.015157339919048756,0.6326140166334635,0.04475351119779089,0.046665972984312486,0.420256111757858,74.02,moderate,large_label_distribution_shift;moderate_feature_distribution_shift
NASA,PC3,PC4,1057,1272,37,1.0,0.12488174077578051,0.1391509433962264,0.014269202620445898,0.19597947584327688,0.15349749796207374,0.4834905660377358,0.03102266073750187,0.02745599577422731,0.010455627021519589,0.20890595044715377,0.026393134462222412,0.026982098563014013,0.8309748427672956,92.03,high,none
NASA,PC3,PC5,1057,1718,36,0.9230769230769231,0.12488174077578051,0.27357392316647267,0.14869218239069215,0.1977768887302921,0.17635933402572573,0.6573213886468942,0.011007753624518495,0.025878394999407275,0.010962960918720625,0.1365190156427079,0.02294436893548599,0.034599839539700174,0.6152502910360885,83.32,moderate,moderate_label_distribution_shift
NASA,PC4,PC5,1272,1718,36,0.9230769230769231,0.1391509433962264,0.27357392316647267,0.13442297977024625,0.12913048545063616,0.108457160952109,0.41088255321018297,0.0015795223010111957,0.01777556592450388,0.016202785793650674,0.07757372710861847,0.014329150607935992,0.04167896415869213,0.740395809080326,87.03,high,moderate_label_distribution_shift
Promise,ant-1.7,camel-1.6,724,884,20,1.0,0.2292817679558011,0.2081447963800905,0.021136971575710595,0.14243768905777357,0.12632184195395116,0.33304792380190495,0.10428887972662701,0.030871358250855623,0.021757247900796067,0.09957744436165344,0.02456029497925218,0.02531138255748986,0.8190045248868778,92.95,high,none
Promise,ant-1.7,jedit-4.3,724,476,20,1.0,0.2292817679558011,0.01680672268907563,0.21247504526672548,0.11830226565764428,0.10285412507544454,0.2536213380379776,0.12959607057375738,0.031108275903216208,0.013902807748314325,0.14579356117325548,0.022566056284516127,0.03168099485234305,0.6574585635359116,84.27,moderate,large_label_distribution_shift
Promise,ant-1.7,prop-2,724,13183,20,1.0,0.2292817679558011,0.1545171812182356,0.0747645867375655,0.33375560480327293,0.3394216790165469,0.5752615225619131,4.6077774593465784e-08,0.07988101276471646,0.01841479197728031,0.4972364432090657,0.07570063398159066,0.026890318503670692,0.05491921413942198,77.13,moderate,moderate_feature_distribution_shift;large_project_size_mismatch
Promise,ant-1.7,velocity-1.6,724,211,20,1.0,0.2292817679558011,0.36018957345971564,0.13090780550391454,0.1727566704197324,0.18322379618234663,0.3815165876777251,0.11222077310453253,0.04732613133444955,0.01688013211434721,0.19993831895206984,0.04131656326685994,0.03598964885744217,0.2914364640883978,82.06,moderate,moderate_label_distribution_shift
Promise,ant-1.7,xalan-2.7,724,740,20,1.0,0.2292817679558011,0.9891891891891892,0.7599074212333881,0.10687360011945646,0.08676646259519188,0.2463267134537853,0.12547269973926933,0.031122703713586036,0.018328782134931543,0.20654398335117963,0.024598127789507956,0.02849634198884568,0.9783783783783784,76.26,moderate,large_label_distribution_shift
Promise,ant-1.7,xerces-1.4,724,490,20,1.0,0.2292817679558011,0.7714285714285715,0.5421468034727703,0.18903653173976773,0.2164561957379637,0.37424174089525314,0.16947030638013563,0.05525160585625031,0.018443843642280425,0.35035432438363967,0.05002217272883799,0.02528425056557231,0.6767955801104972,70.59,moderate,large_label_distribution_shift
Promise,camel-1.6,jedit-4.3,884,476,20,1.0,0.2081447963800905,0.01680672268907563,0.19133807369101488,0.15665804783451842,0.10156755009696186,0.42323852617970265,0.1372906711351097,0.030503011138192475,0.025788602084244085,0.14568938904912734,0.02685704019200591,0.035434808343863325,0.5384615384615384,82.91,moderate,moderate_label_distribution_shift
Promise,camel-1.6,prop-2,884,13183,20,1.0,0.2081447963800905,0.1545171812182356,0.05362761516185491,0.35943117816274417,0.40362300721174227,0.5413958673638029,8.145937235940008e-06,0.09112052148579383,0.025438576238175397,0.4971322710849375,0.08766798519080161,0.037529677022550764,0.06705605704316164,77.11,moderate,moderate_feature_distribution_shift;large_project_size_mismatch
Promise,camel-1.6,velocity-1.6,884,211,20,1.0,0.2081447963800905,0.36018957345971564,0.15204477707962513,0.11346797194999034,0.09674358259526925,0.2721633677167549,0.2154430664824928,0.03129588969237178,0.015245328841431802,0.1998341468279417,0.02745214489336406,0.027105270337984506,0.23868778280542988,82.59,moderate,moderate_label_distribution_shift;large_project_size_mismatch
Promise,camel-1.6,xalan-2.7,884,740,20,1.0,0.2081447963800905,0.9891891891891892,0.7810443928090987,0.16125626757979697,0.13475908034731565,0.3374954139660022,0.06835535419595165,0.042621574057056064,0.023009778634961987,0.20643981122705152,0.040148822905625,0.035683927313629515,0.8371040723981901,73.12,moderate,large_label_distribution_shift
Promise,camel-1.6,xerces-1.4,884,490,20,1.0,0.2081447963800905,0.7714285714285715,0.5632837750484809,0.1608899713731647,0.120078031212485,0.4169360051712993,0.06733270883382683,0.04673062147152658,0.023354132136647398,0.3502501522595115,0.04011573391931968,0.02853295884893541,0.5542986425339367,70.28,moderate,large_label_distribution_shift
Promise,jedit-4.3,prop-2,476,13183,20,1.0,0.01680672268907563,0.1545171812182356,0.13771045852915997,0.34152614584482055,0.3817165377870787,0.4975868144420781,0.0006055577355013281,0.08041896393659335,0.02269282455836216,0.3514428820358102,0.0756501810863607,0.0372486579121453,0.0361071076386255,74.17,moderate,moderate_label_distribution_shift;moderate_feature_distribution_shift;large_project_size_mismatch
Promise,jedit-4.3,velocity-1.6,476,211,20,1.0,0.01680672268907563,0.36018957345971564,0.34338285077064,0.1554178780516946,0.1491297940977339,0.2699729180771835,0.09913128013163745,0.03352948705681994,0.021894995173791003,0.10757099048150066,0.02984245582072211,0.04026972032197038,0.4432773109243697,75.81,moderate,large_label_distribution_shift
Promise,jedit-4.3,xalan-2.7,476,740,20,1.0,0.01680672268907563,0.9891891891891892,0.9723824665001135,0.1053429479900068,0.09894957983193278,0.21705655235067,0.16078853444652283,0.025554285728611452,0.013336035511341267,0.08983512360807404,0.019910569680794746,0.02085749851406187,0.6432432432432432,73.11,moderate,large_label_distribution_shift
Promise,jedit-4.3,xerces-1.4,476,490,20,1.0,0.01680672268907563,0.7714285714285715,0.7546218487394958,0.19468487394957984,0.21035414165666266,0.3186074429771909,0.09074433561920682,0.041277487238724896,0.01991474321273118,0.2045607632103842,0.03816941246445964,0.02984765315652337,0.9714285714285714,73.7,moderate,large_label_distribution_shift
Promise,prop-2,velocity-1.6,13183,211,20,1.0,0.1545171812182356,0.36018957345971564,0.20567239224148004,0.35835860344339776,0.3290633887604063,0.6459101248088789,0.034909164954516826,0.08382842641409244,0.01911277955223372,0.3837169489055088,0.08106368899571653,0.042441590906835025,0.016005461579306685,70.69,moderate,large_label_distribution_shift;moderate_feature_distribution_shift;large_project_size_mismatch
Promise,prop-2,xalan-2.7,13183,740,20,1.0,0.1545171812182356,0.9891891891891892,0.8346720079709535,0.29174457378564944,0.3281892014900435,0.45943465273663253,8.917967580733747e-08,0.06607918837736806,0.01935109927246119,0.29069245985788605,0.05911703048274582,0.03337131328812187,0.05613289842979595,61.52,limited,large_label_distribution_shift;moderate_feature_distribution_shift;large_project_size_mismatch
Promise,prop-2,xerces-1.4,13183,490,20,1.0,0.1545171812182356,0.7714285714285715,0.6169113902103358,0.3562113312289946,0.3805288815063308,0.7007116462605675,5.002637637796111e-05,0.07275298535975488,0.021476437606532988,0.3934799272615872,0.06400022438521337,0.03592798099092551,0.037169081392702724,59.56,limited,large_label_distribution_shift;moderate_feature_distribution_shift;large_project_size_mismatch
Promise,velocity-1.6,xalan-2.7,211,740,20,1.0,0.36018957345971564,0.9891891891891892,0.6289996157294735,0.15691430767260148,0.1379082874343538,0.35736518509030357,0.10064014091689336,0.040675862796774084,0.020802509703255256,0.15332381907910209,0.034287272156594745,0.04145709551599496,0.2851351351351351,67.77,limited,large_label_distribution_shift
Promise,velocity-1.6,xerces-1.4,211,490,20,1.0,0.36018957345971564,0.7714285714285715,0.4112389979688558,0.1467134152239095,0.1474900860818261,0.27645807138021083,0.16814856245720736,0.03821668203344976,0.02721955956241314,0.1504160054315698,0.031763512649133165,0.033716965748171984,0.4306122448979592,73.13,moderate,large_label_distribution_shift
Promise,xalan-2.7,xerces-1.4,740,490,20,1.0,0.9891891891891892,0.7714285714285715,0.21776061776061773,0.17194153337010482,0.18563154991726422,0.2997793712079426,0.06355457107908492,0.04808001939497136,0.02168658102620776,0.16181724597471042,0.04464547793595762,0.03554076426728394,0.6621621621621622,82.27,moderate,large_label_distribution_shift
ReLink,Apache,Safe,194,56,26,1.0,0.5051546391752577,0.39285714285714285,0.11229749631811486,0.3881698198708508,0.38125920471281294,0.5714285714285714,0.0003672994929617006,0.07685527512412835,0.0830520757989037,0.11736207780529523,0.0753222835107851,0.10546325767982426,0.28865979381443296,76.26,moderate,moderate_label_distribution_shift;moderate_feature_distribution_shift
ReLink,Apache,Zxing,194,354,26,1.0,0.5051546391752577,0.307909604519774,0.1972450346554837,0.5022614551270851,0.4789009260877162,0.7344632768361582,6.259754899516395e-18,0.08811195521009678,0.09983192829221926,0.13442811091198253,0.08729954942929033,0.11335929631915329,0.5480225988700564,72.27,moderate,moderate_label_distribution_shift;large_feature_distribution_shift
ReLink,Safe,Zxing,56,354,26,1.0,0.39285714285714285,0.307909604519774,0.08494753833736884,0.20695582665921644,0.20682001614205003,0.37167070217917675,0.1170891348759254,0.062260024782705564,0.06418179486873651,0.12426411242463085,0.054803317021761895,0.06730103267359708,0.15819209039548024,81.19,moderate,large_project_size_mismatch
