dataset,project,n_instances,n_features,minority_class,minority_class_percentage,nn_same_class_ratio,minority_nn_same_class_ratio,majority_nn_same_class_ratio,nn_opposite_class_ratio,borderline_instance_rate,minority_borderline_rate,class_centroid_distance,intra_class_distance_mean,inter_class_distance_mean,distance_separation_ratio,mean_feature_overlap,high_overlap_feature_rate,mean_mutual_information,zero_mi_feature_rate,pca_components_95,pca_components_95_ratio,complexity_score,complexity_level,warnings
AEEEM,equinox,241,19,0,0.48132780082987553,0.6846473029045643,0.6724137931034483,0.696,0.375103734439834,0.31950207468879666,0.3017241379310345,0.3334470572027341,0.6051394690073554,0.9090973623402423,1.5022939485859124,0.41437661596301506,0.15789473684210525,0.04171984304125329,0.3157894736842105,9,0.47368421052631576,70.14,moderate_complexity,many_borderline_instances
AEEEM,jdt,972,19,1,0.2109053497942387,0.7962962962962963,0.5024390243902439,0.8748370273794003,0.21275720164609055,0.18106995884773663,0.6341463414634146,0.2688834160901453,0.4386457583564598,0.6709207855287523,1.5295275806213022,0.43233276603547527,0.2631578947368421,0.05365605874534226,0.05263157894736842,9,0.47368421052631576,65.99,moderate_complexity,minority_class_borderline_heavy
AEEEM,lucene,539,19,1,0.11688311688311688,0.8478664192949907,0.25396825396825395,0.9264705882352942,0.1536178107606679,0.09833024118738404,0.7936507936507936,0.33842340696976714,0.5544977753914461,0.8372060633330594,1.5098456666341649,0.4051807803927936,0.15789473684210525,0.03697062944522,0.10526315789473684,6,0.3157894736842105,61.42,high_complexity,moderate_minority_difficulty;minority_class_poorly_separated;minority_class_borderline_heavy
AEEEM,mylyn,1607,19,1,0.13067828251400124,0.9041692594897324,0.580952380952381,0.952755905511811,0.10628500311138768,0.07280647168637212,0.5142857142857142,0.20305121156178743,0.42186471985286644,0.6294782895539108,1.4921330462842535,0.3574510302797248,0.21052631578947367,0.029185464796393844,0.0,8,0.42105263157894735,71.35,moderate_complexity,moderate_minority_difficulty;minority_class_borderline_heavy
AEEEM,pde,1434,19,1,0.14574616457461645,0.8361227336122734,0.40669856459330145,0.9093877551020408,0.17294281729428174,0.11854951185495119,0.6602870813397129,0.24719355285605538,0.4941016854170136,0.7383073602993077,1.494241736245422,0.5701125185205861,0.3684210526315789,0.027043012669248186,0.10526315789473684,9,0.47368421052631576,61.24,high_complexity,moderate_minority_difficulty;minority_class_poorly_separated;minority_class_borderline_heavy
BugHunter,full_Android-Universal-Image-Loader_file,160,6,1,0.4375,0.25,0.21428571428571427,0.2777777777777778,0.53625,0.5625,0.7857142857142857,0.07392847155206407,0.47785972125414145,0.6476543093310807,1.3553230802364213,0.7911205620642306,0.6666666666666666,0.005076955464933253,0.8333333333333334,3,0.5,35.3,very_high_complexity,low_neighborhood_separability;minority_class_poorly_separated;many_borderline_instances;minority_class_borderline_heavy;high_class_overlap;many_uninformative_features
BugHunter,full_BroadleafCommerce_file,2888,6,1,0.45394736842105265,0.5408587257617729,0.5156369183829138,0.5618262523779328,0.4022160664819944,0.35214681440443213,0.39969488939740655,0.1556173060037147,0.2247495851371456,0.32825387935786,1.4605316363879137,0.7320384479908003,0.6666666666666666,0.022246508904206392,0.3333333333333333,3,0.5,56.35,high_complexity,low_neighborhood_separability;many_borderline_instances
BugHunter,full_MapDB_file,537,6,0,0.49906890130353815,0.3091247672253259,0.25,0.3680297397769517,0.49534450651769085,0.5139664804469274,0.5335820895522388,0.0573761714674924,0.33973988193090243,0.46794027741905037,1.3773486785228877,0.8327702350105478,0.8333333333333334,6.2242861992301e-06,0.8333333333333334,3,0.5,38.66,very_high_complexity,low_neighborhood_separability;minority_class_poorly_separated;many_borderline_instances;minority_class_borderline_heavy;high_class_overlap;many_uninformative_features
BugHunter,full_antlr4_file,359,6,1,0.4178272980501393,0.41225626740947074,0.32666666666666666,0.47368421052631576,0.46462395543175483,0.479108635097493,0.5533333333333333,0.03574442785349012,0.2602862579808537,0.3712177526744424,1.426190362695785,0.6216712032919586,0.5,0.0008305806464402968,0.8333333333333334,4,0.6666666666666666,45.52,very_high_complexity,low_neighborhood_separability;minority_class_poorly_separated;many_borderline_instances;minority_class_borderline_heavy;many_uninformative_features
BugHunter,full_ceylon-ide-eclipse_file,965,6,1,0.3844559585492228,0.3471502590673575,0.20485175202156333,0.43602693602693604,0.4795854922279793,0.46528497409326425,0.7223719676549866,0.11877442327511727,0.3179320594648792,0.4369593241402032,1.3743795604496833,0.8298294535003853,0.8333333333333334,0.004230662048043603,0.8333333333333334,2,0.3333333333333333,37.89,very_high_complexity,low_neighborhood_separability;minority_class_poorly_separated;many_borderline_instances;minority_class_borderline_heavy;high_class_overlap;many_uninformative_features
BugHunter,full_elasticsearch_file,20220,6,1,0.48550939663699305,0.31068249258160235,0.3132321483141489,0.3082764587138325,0.49603363006923845,0.5113748763600395,0.5393704797799735,0.024413854102486303,0.13887434699205609,0.1993281302488726,1.4353128174224619,0.7295669829778809,0.6666666666666666,0.0026514185751218555,0.6666666666666666,3,0.5,43.53,very_high_complexity,low_neighborhood_separability;minority_class_poorly_separated;many_borderline_instances;minority_class_borderline_heavy;many_uninformative_features
BugHunter,full_hazelcast_file,17395,6,0,0.4934751365334866,0.26956021845357864,0.2511649580615098,0.2874815571444785,0.5007760850819201,0.5133084219603334,0.5425209692451072,0.014859994446781282,0.12480691290636689,0.18198581689943824,1.4581389176412713,0.820148125908679,0.8333333333333334,0.0,1.0,4,0.6666666666666666,36.11,very_high_complexity,low_neighborhood_separability;minority_class_poorly_separated;many_borderline_instances;minority_class_borderline_heavy;high_class_overlap;many_uninformative_features
BugHunter,full_junit_file,191,6,1,0.4607329842931937,0.3612565445026178,0.36363636363636365,0.3592233009708738,0.5246073298429319,0.5602094240837696,0.5795454545454546,0.03803379341250572,0.3247178565110986,0.4466501966023245,1.375502417394956,0.7411196648109488,0.8333333333333334,0.0015783795068525046,0.5,3,0.5,43.62,very_high_complexity,low_neighborhood_separability;minority_class_poorly_separated;many_borderline_instances;minority_class_borderline_heavy
BugHunter,full_mcMMO_file,760,6,1,0.41973684210526313,0.32105263157894737,0.2476489028213166,0.3741496598639456,0.49736842105263157,0.4842105263157895,0.7178683385579937,0.04291840416823894,0.2794921635192379,0.3782833077121973,1.3534665979504628,0.8246553810198446,0.8333333333333334,0.0007680898858128948,0.8333333333333334,3,0.5,36.94,very_high_complexity,low_neighborhood_separability;minority_class_poorly_separated;many_borderline_instances;minority_class_borderline_heavy;high_class_overlap;many_uninformative_features
BugHunter,full_mct_file,55,6,1,0.2545454545454545,0.5454545454545454,0.14285714285714285,0.6829268292682927,0.4,0.3090909090909091,0.9285714285714286,0.11359141919574464,0.358486155518368,0.4815344750132235,1.3432442720610192,0.7375761112658868,0.6666666666666666,0.01685125547047095,0.8333333333333334,3,0.5,39.38,very_high_complexity,low_neighborhood_separability;minority_class_poorly_separated;many_borderline_instances;minority_class_borderline_heavy;many_uninformative_features
BugHunter,full_neo4j_file,3655,6,1,0.4642954856361149,0.27031463748290013,0.22333529758397172,0.3110316649642492,0.5211491108071136,0.5554035567715458,0.6417206835592222,0.0123893975063358,0.10686363620866629,0.15095335583326452,1.4125792569748128,0.7975608930690168,0.6666666666666666,0.0,1.0,3,0.5,36.38,very_high_complexity,low_neighborhood_separability;minority_class_poorly_separated;many_borderline_instances;minority_class_borderline_heavy;high_class_overlap;many_uninformative_features
BugHunter,full_netty_file,4566,6,1,0.4231274638633377,0.3173455978975033,0.21739130434782608,0.3906605922551253,0.5002190100744635,0.5142356548401227,0.7054865424430642,0.021063522676191618,0.12984032656739883,0.18009524726214088,1.3870517120784907,0.8171546123404062,0.8333333333333334,0.0,1.0,3,0.5,35.09,very_high_complexity,low_neighborhood_separability;minority_class_poorly_separated;many_borderline_instances;minority_class_borderline_heavy;high_class_overlap;many_uninformative_features
BugHunter,full_orientdb_file,3925,6,1,0.45554140127388537,0.34955414012738856,0.3048098434004474,0.38699110903135236,0.4770445859872612,0.48636942675159234,0.5738255033557047,0.05764540581505943,0.14586280976686825,0.20621925099215813,1.4137891030740273,0.8161932832619222,0.8333333333333334,0.007435541919985152,0.16666666666666666,3,0.5,45.59,very_high_complexity,low_neighborhood_separability;minority_class_poorly_separated;many_borderline_instances;minority_class_borderline_heavy;high_class_overlap
BugHunter,full_oryx_file,513,6,1,0.15009746588693956,0.682261208576998,0.06493506493506493,0.7912844036697247,0.24483430799220274,0.17348927875243664,0.974025974025974,0.05316543500360735,0.3445346654423896,0.49154613295962907,1.426695721106826,0.7100029627644667,0.6666666666666666,0.001975793949176463,0.5,3,0.5,42.11,very_high_complexity,moderate_minority_difficulty;minority_class_poorly_separated;minority_class_borderline_heavy
BugHunter,full_titan_file,462,6,1,0.4025974025974026,0.36796536796536794,0.25806451612903225,0.4420289855072464,0.5021645021645021,0.5151515151515151,0.7634408602150538,0.04809296214541413,0.2680407322629228,0.37402361568396997,1.3953984251807219,0.8312565820408598,0.8333333333333334,0.006125094343002273,0.6666666666666666,3,0.5,38.32,very_high_complexity,low_neighborhood_separability;minority_class_poorly_separated;many_borderline_instances;minority_class_borderline_heavy;high_class_overlap;many_uninformative_features
JIRA,activemq-5.8.0,2825,67,1,0.07292035398230089,0.9136283185840708,0.33495145631067963,0.9591447117220313,0.08538053097345133,0.06336283185840708,0.6941747572815534,0.7888060185863633,0.9268494037491981,1.5119548666043294,1.6312842846834896,0.5728690811215722,0.22388059701492538,0.024597016324363133,0.04477611940298507,20,0.29850746268656714,63.04,high_complexity,severe_minority_difficulty;minority_class_poorly_separated;minority_class_borderline_heavy
JIRA,derby-10.5.1.1,2681,67,1,0.14285714285714285,0.8429690414024618,0.4177545691906005,0.9138381201044387,0.16523685192092502,0.12085042894442372,0.6527415143603134,0.5677795046059689,0.8766665866919103,1.3578567674748452,1.548886187847879,0.6066793079087163,0.2835820895522388,0.0373126327837412,0.04477611940298507,17,0.2537313432835821,63.84,high_complexity,moderate_minority_difficulty;minority_class_poorly_separated;minority_class_borderline_heavy
JIRA,groovy-1_6_BETA_2,868,67,1,0.08410138248847926,0.9147465437788018,0.547945205479452,0.9484276729559749,0.10437788018433179,0.07834101382488479,0.547945205479452,0.8802405642676501,0.9691385213103366,1.6354205983534142,1.6874993227410073,0.4748584544587378,0.16417910447761194,0.028859296011207177,0.05970149253731343,17,0.2537313432835821,69.93,moderate_complexity,severe_minority_difficulty;minority_class_borderline_heavy
JIRA,hbase-0.95.2,1821,67,1,0.2652388797364086,0.7221306974190006,0.4554865424430642,0.8183856502242153,0.2929159802306426,0.2355848434925865,0.629399585921325,0.3766166903591083,0.8385237952375129,1.2417100170701196,1.480828599167426,0.6350061755878443,0.29850746268656714,0.03415510281352808,0.1044776119402985,16,0.23880597014925373,63.37,high_complexity,minority_class_poorly_separated;minority_class_borderline_heavy
JIRA,hive-0.12.0,2537,67,1,0.08277493102089081,0.9117067402443831,0.40476190476190477,0.9574559518693597,0.11107607410327158,0.08316909735908554,0.8095238095238095,0.39761689147413504,0.7762193339726269,1.1642007347560346,1.499834755207334,0.41140284556376355,0.22388059701492538,0.013594445388301762,0.1044776119402985,15,0.22388059701492538,63.74,high_complexity,severe_minority_difficulty;minority_class_poorly_separated;minority_class_borderline_heavy
JIRA,jruby-1.7.0.preview1,1576,67,1,0.05520304568527919,0.924492385786802,0.25287356321839083,0.9637340496977838,0.07296954314720812,0.0532994923857868,0.8275862068965517,0.8849441815317551,0.996612115262111,1.6414013687927675,1.6469811510981638,0.5698173581804407,0.22388059701492538,0.02859963123608343,0.04477611940298507,18,0.26865671641791045,60.34,high_complexity,severe_minority_difficulty;minority_class_poorly_separated;minority_class_borderline_heavy
JIRA,wicket-1.5.3,2521,67,1,0.04165013883379611,0.9301864339547798,0.10476190476190476,0.9660596026490066,0.06838556128520429,0.044030146767155894,0.9714285714285714,0.6174802111308776,1.008662965392601,1.54095757545472,1.5277229642856318,0.5640059856324718,0.26865671641791045,0.015171513736570573,0.05970149253731343,15,0.22388059701492538,55.84,high_complexity,severe_minority_difficulty;minority_class_poorly_separated;minority_class_borderline_heavy
Kamei,bugzilla,4620,15,1,0.3670995670995671,0.6502164502164502,0.5218160377358491,0.7246922024623803,0.37584415584415587,0.3344155844155844,0.5336084905660378,0.23324501926251628,0.7051712443517634,1.010949725719104,1.433623015425751,0.7853626338275499,0.7333333333333333,0.028746382410280446,0.0,7,0.4666666666666667,58.38,high_complexity,many_borderline_instances;minority_class_borderline_heavy;high_class_overlap
Kamei,columba,4455,15,1,0.30549943883277214,0.6657687991021324,0.443791329904482,0.7634130575307045,0.345679012345679,0.29764309764309765,0.6164584864070536,0.23364318473996026,0.8562495728568822,1.2053729282966743,1.4077355090233095,0.7768293856234226,0.5333333333333333,0.03191209764649035,0.0,6,0.4,58.87,high_complexity,minority_class_poorly_separated;minority_class_borderline_heavy;high_class_overlap
Kamei,postgres,20431,15,1,0.25055063384073223,0.7100974010082718,0.40437585465911313,0.8123040752351097,0.2946502863295972,0.2354755029122412,0.6458292635280328,0.2874880469325364,0.8578882212853196,1.2146469430179012,1.4158568830774627,0.8361461379207444,0.8,0.03872218553474885,0.0,6,0.4,55.46,high_complexity,minority_class_poorly_separated;minority_class_borderline_heavy;high_class_overlap
NASA,CM1,327,37,1,0.12844036697247707,0.7675840978593272,0.14285714285714285,0.8596491228070176,0.20856269113149847,0.1559633027522936,0.9761904761904762,0.3954354771968419,0.8094932658626719,1.1993001745733758,1.4815443502118442,0.739924399404594,0.40540540540540543,0.017225213609598247,0.16216216216216217,10,0.2702702702702703,50.32,high_complexity,moderate_minority_difficulty;minority_class_poorly_separated;minority_class_borderline_heavy
NASA,KC3,194,39,1,0.18556701030927836,0.7474226804123711,0.25,0.8607594936708861,0.2536082474226804,0.20618556701030927,0.8611111111111112,0.5208406405484444,1.0792698357550408,1.592264013466997,1.4753159596581085,0.8072680018123377,0.6666666666666666,0.027532187892264328,0.15384615384615385,9,0.23076923076923078,51.29,high_complexity,moderate_minority_difficulty;minority_class_poorly_separated;minority_class_borderline_heavy;high_class_overlap
NASA,MC2,124,39,1,0.3548387096774194,0.7096774193548387,0.5681818181818182,0.7875,0.37258064516129036,0.31451612903225806,0.6590909090909091,0.7099416312025906,1.080152124932627,1.6421683850726694,1.5203121367511983,0.6349528436589141,0.23076923076923078,0.05308951575392538,0.1282051282051282,10,0.2564102564102564,64.81,high_complexity,many_borderline_instances;minority_class_borderline_heavy
NASA,MW1,254,37,1,0.1062992125984252,0.8188976377952756,0.25925925925925924,0.8854625550660793,0.15748031496062992,0.12598425196850394,0.8518518518518519,0.8402588197075893,1.0518370025621153,1.6696130851012712,1.5873306235037816,0.7645658137612379,0.5675675675675675,0.02654072767327275,0.24324324324324326,11,0.2972972972972973,52.22,high_complexity,moderate_minority_difficulty;minority_class_poorly_separated;minority_class_borderline_heavy;high_class_overlap
NASA,PC1,691,37,1,0.08827785817655572,0.8885672937771346,0.32786885245901637,0.9428571428571428,0.1299565846599132,0.09406657018813314,0.8032786885245902,0.4561099400431922,0.7963887059675622,1.1984881732884791,1.5049035280232803,0.6000297601179649,0.1891891891891892,0.02659138801249128,0.08108108108108109,9,0.24324324324324326,60.79,high_complexity,severe_minority_difficulty;minority_class_poorly_separated;minority_class_borderline_heavy
NASA,PC2,722,36,1,0.0221606648199446,0.9598337950138505,0.0625,0.9801699716713881,0.037673130193905814,0.0221606648199446,1.0,0.42542590309750206,0.6740863195809241,1.048415367115886,1.5553132242287313,0.4378005052248166,0.08333333333333333,0.005969806754218586,0.3055555555555556,9,0.25,56.3,high_complexity,severe_minority_difficulty;minority_class_poorly_separated;minority_class_borderline_heavy
NASA,PC3,1057,37,1,0.12488174077578051,0.847682119205298,0.32575757575757575,0.9221621621621622,0.17142857142857146,0.130558183538316,0.8106060606060606,0.3325228085082205,0.7087353949664934,1.0530291134513918,1.4857859801134603,0.43218595831392176,0.1891891891891892,0.031094033587334414,0.08108108108108109,11,0.2972972972972973,61.78,high_complexity,moderate_minority_difficulty;minority_class_poorly_separated;minority_class_borderline_heavy
NASA,PC4,1272,37,1,0.1391509433962264,0.8577044025157232,0.480225988700565,0.9187214611872146,0.17138364779874213,0.1320754716981132,0.6610169491525424,0.4206728446222096,0.7630807743365499,1.162772659533536,1.5237871253465831,0.5895772293551199,0.24324324324324326,0.03193905477520842,0.05405405405405406,12,0.32432432432432434,64.57,high_complexity,moderate_minority_difficulty;minority_class_poorly_separated;minority_class_borderline_heavy
NASA,PC5,1718,38,1,0.27357392316647267,0.7287543655413271,0.5063829787234042,0.8125,0.3043073341094296,0.2724097788125728,0.6234042553191489,0.2534476429703806,0.7537874669340795,1.084477552217698,1.4387046744470986,0.694907538677678,0.39473684210526316,0.05283539260854699,0.02631578947368421,9,0.23684210526315788,63.16,high_complexity,minority_class_borderline_heavy
Promise,ant-1.7,724,20,1,0.2292817679558011,0.7762430939226519,0.4759036144578313,0.8655913978494624,0.2439226519337017,0.20441988950276244,0.6506024096385542,0.43648883069217226,0.7875987880552442,1.1715286827837474,1.487468874446228,0.6588342991727834,0.4,0.058342696031698796,0.1,8,0.4,61.79,high_complexity,minority_class_poorly_separated;minority_class_borderline_heavy
Promise,camel-1.6,884,20,1,0.2081447963800905,0.7217194570135747,0.30434782608695654,0.8314285714285714,0.28529411764705886,0.22963800904977374,0.8369565217391305,0.1659460214331216,0.8233029415997289,1.1305078438231537,1.3731371366492466,0.7063758289332329,0.35,0.014449535484508991,0.05,8,0.4,55.22,high_complexity,minority_class_poorly_separated;minority_class_borderline_heavy
Promise,jedit-4.3,476,20,1,0.01680672268907563,0.9684873949579832,0.0,0.9850427350427351,0.030672268907563024,0.01680672268907563,1.0,0.6240058091988424,0.9270682732003159,1.407905653703283,1.5186644763961956,0.5354272045001208,0.2,0.004128645396580866,0.25,8,0.4,53.05,high_complexity,severe_minority_difficulty;minority_class_poorly_separated;minority_class_borderline_heavy
Promise,prop-2,13183,20,1,0.1545171812182356,0.7483122202836987,0.29062346588119786,0.8319576529696752,0.219813396040355,0.16286126071455662,0.7938144329896907,0.12263251640115222,0.627364092756034,0.8780361811117443,1.399563971304922,0.7312890562903211,0.5,0.010499758134079351,0.05,7,0.35,54.4,high_complexity,moderate_minority_difficulty;minority_class_poorly_separated;minority_class_borderline_heavy
Promise,velocity-1.6,211,20,1,0.36018957345971564,0.6729857819905213,0.6052631578947368,0.7111111111111111,0.3459715639810427,0.2985781990521327,0.5657894736842105,0.34162868053105927,0.8770088071445297,1.2508641194795789,1.4262845587061914,0.5688802268680435,0.35,0.052332760799581324,0.1,9,0.45,64.52,high_complexity,minority_class_borderline_heavy
Promise,xalan-2.7,740,20,0,0.010810810810810811,0.9864864864864865,0.375,0.9931693989071039,0.01972972972972973,0.013513513513513514,1.0,0.5194571697983186,0.7519650346274662,1.1683969649204538,1.5537916141264383,0.2443708829757311,0.15,0.007098934225700732,0.2,9,0.45,62.53,high_complexity,severe_minority_difficulty;minority_class_poorly_separated;minority_class_borderline_heavy
Promise,xerces-1.4,490,20,0,0.22857142857142856,0.8510204081632653,0.7053571428571429,0.8941798941798942,0.20979591836734696,0.1489795918367347,0.3482142857142857,0.548453755790729,0.7711574469876208,1.2239418039329737,1.5871490429277035,0.4948396579318645,0.25,0.08197097906135617,0.0,9,0.45,74.37,moderate_complexity,none
ReLink,Apache,194,26,0,0.4948453608247423,0.6752577319587629,0.6458333333333334,0.7040816326530612,0.3752577319587629,0.31443298969072164,0.3229166666666667,0.41850817491053804,0.5477002751390302,0.8749839670048342,1.597559845634047,0.7024723542951956,0.5,0.08903186860283041,0.0,7,0.2692307692307692,67.92,moderate_complexity,many_borderline_instances
ReLink,Safe,56,26,1,0.39285714285714285,0.6964285714285714,0.6818181818181818,0.7058823529411765,0.3464285714285714,0.2857142857142857,0.3181818181818182,1.008758264678399,0.9376987904976235,1.599459151525081,1.7057280735920226,0.5516038789008084,0.3076923076923077,0.11987943819804524,0.19230769230769232,6,0.23076923076923078,71.35,moderate_complexity,none
ReLink,Zxing,354,26,1,0.307909604519774,0.632768361581921,0.4954128440366973,0.6938775510204082,0.3762711864406779,0.3474576271186441,0.5963302752293578,0.22678853045251848,0.5386778534783966,0.7753786019357216,1.4394105807931044,0.7444207825922894,0.46153846153846156,0.019982993175001032,0.3076923076923077,8,0.3076923076923077,57.91,high_complexity,low_neighborhood_separability;minority_class_poorly_separated;many_borderline_instances;minority_class_borderline_heavy
UnifiedBugDataSet_File,Unified-file,35829,6,1,0.27840576069664236,0.6582098300259567,0.4030075187969925,0.7566720816894871,0.3294928689050769,0.27229339361969357,0.6321804511278195,0.01945153299319205,0.02756177738543533,0.042051951763807556,1.5257343957080713,0.3616274645928972,0.0,0.027408835354327293,0.0,3,0.5,66.03,moderate_complexity,minority_class_poorly_separated;minority_class_borderline_heavy
ApacheJIT,dataset_apachejit_total,106272,15,1,0.26560147545919904,0.7628067600120446,0.5400694395238432,0.8433616072572585,0.24550210779885576,0.19419037940379405,0.4793098561609863,0.2870899258930295,0.5300652492820253,0.7878407778679899,1.486309051451915,0.894743574522133,0.8,0.042865687762313684,0.0,6,0.4,60.83,high_complexity,minority_class_borderline_heavy;high_class_overlap
