dataset,project,n_features,n_methods,n_importance_runs,mean_pairwise_spearman,mean_pairwise_kendall,mean_top5_jaccard,mean_top10_jaccard,mean_top20_jaccard,feature_importance_stability_score,feature_importance_stability_level,warnings
AEEEM,equinox,19,4,60,0.4637903485505497,0.35558008031519633,0.3578019908528383,0.5110723800404757,1.0,53.76,limited,limited_feature_importance_stability
AEEEM,jdt,19,4,60,0.5766237829346748,0.4503593579097567,0.41568020805308936,0.5751188077459264,1.0,60.36,limited,limited_feature_importance_stability
AEEEM,lucene,19,4,60,0.7400125205351195,0.5876224479189311,0.4653506411980988,0.6125324769392566,1.0,68.11,limited,limited_feature_importance_stability
AEEEM,mylyn,19,4,60,0.5699847670233988,0.44428160303555186,0.3866805667653125,0.5605117575456559,1.0,59.23,limited,limited_feature_importance_stability
AEEEM,pde,19,4,60,0.6330367905111012,0.4942651496727269,0.4426576091830329,0.6180115082657456,1.0,63.76,limited,limited_feature_importance_stability
ApacheJIT,dataset_apachejit_total,15,4,60,0.4576957223567392,0.3683723432875975,0.5471482378262039,0.6297926179282111,1.0,60.06,limited,limited_feature_importance_stability
BugHunter,full_Android-Universal-Image-Loader_file,6,4,60,0.17796095312072382,0.14120874275331793,0.8728813559322033,1.0,1.0,63.84,limited,limited_feature_importance_stability
BugHunter,full_BroadleafCommerce_file,6,4,60,0.7479255433051538,0.6339475584146271,0.9135593220338983,1.0,1.0,85.91,high,none
BugHunter,full_MapDB_file,6,4,60,0.2832370269638957,0.23933696635371876,0.8728813559322033,1.0,1.0,67.91,limited,limited_feature_importance_stability
BugHunter,full_antlr4_file,6,4,60,0.17728194974309336,0.14414913931003126,0.8661016949152541,1.0,1.0,63.75,limited,limited_feature_importance_stability
BugHunter,full_ceylon-ide-eclipse_file,6,4,60,0.2282395898178564,0.19309185476302596,0.8728813559322033,1.0,1.0,65.88,limited,limited_feature_importance_stability
BugHunter,full_elasticsearch_file,6,4,60,0.36782591100426215,0.3244710381743477,0.8728813559322033,1.0,1.0,71.3,moderate,none
BugHunter,full_hazelcast_file,6,4,60,0.3045957023871201,0.27902605721623286,0.8728813559322033,1.0,1.0,69.13,limited,limited_feature_importance_stability
BugHunter,full_junit_file,6,4,60,0.45822523457585584,0.39066684669141655,0.9088512241054613,1.0,1.0,75.15,moderate,none
BugHunter,full_mcMMO_file,6,4,60,0.20174898613337267,0.17209282693006314,0.8728813559322033,1.0,1.0,64.93,limited,limited_feature_importance_stability
BugHunter,full_mct_file,6,4,60,0.25652545823214,0.20222363092526757,0.8661016949152542,1.0,1.0,66.5,limited,limited_feature_importance_stability
BugHunter,full_neo4j_file,6,4,60,0.25272906060570755,0.20902965432565,0.8728813559322033,1.0,1.0,66.69,limited,limited_feature_importance_stability
BugHunter,full_netty_file,6,4,60,0.3093604323723199,0.279595027323781,0.8728813559322033,1.0,1.0,69.24,limited,limited_feature_importance_stability
BugHunter,full_orientdb_file,6,4,60,0.48872264052074266,0.44909879757461574,0.907909604519774,1.0,1.0,76.91,moderate,none
BugHunter,full_oryx_file,6,4,60,0.31378105935393646,0.2677263193424811,0.8741996233521657,1.0,1.0,69.11,limited,limited_feature_importance_stability
BugHunter,full_titan_file,6,4,60,0.21249361755053653,0.17284604260184908,0.8728813559322033,1.0,1.0,65.16,limited,limited_feature_importance_stability
JIRA,activemq-5.8.0,67,4,60,0.5048616722949226,0.38096508451098987,0.30165007622634743,0.28040052570146495,0.40667865512121765,37.49,low,unstable_feature_importance
JIRA,derby-10.5.1.1,67,4,60,0.4826545789498864,0.3620435808762293,0.16379472693032016,0.2836565330347142,0.4195882721654739,34.23,low,unstable_feature_importance
JIRA,groovy-1_6_BETA_2,67,4,60,0.37147313589880376,0.27540891720516975,0.23429064657878218,0.31680993191855344,0.3484091424699387,30.93,low,unstable_feature_importance
JIRA,hbase-0.95.2,67,4,60,0.3915645441531223,0.2961477152437484,0.20813155770782887,0.2729437684244317,0.3641164388509441,30.66,low,unstable_feature_importance
JIRA,hive-0.12.0,67,4,60,0.47579131133239877,0.3523412915993695,0.41482378262039277,0.333212508078699,0.3797381213266035,39.12,low,unstable_feature_importance
JIRA,jruby-1.7.0.preview1,67,4,60,0.4736712464341994,0.35237862118186475,0.18590933548560667,0.2892276487687622,0.4368385086636998,34.76,low,unstable_feature_importance
JIRA,wicket-1.5.3,67,4,60,0.5025519290600934,0.3708643483398935,0.15578423459779395,0.26158767875197536,0.4187597157401531,34.19,low,unstable_feature_importance
Kamei,bugzilla,15,4,60,0.3888607596667054,0.3152756699138696,0.4392812303829253,0.6054354308591596,1.0,54.98,limited,limited_feature_importance_stability
Kamei,columba,15,4,60,0.49217393056047054,0.3764282038178681,0.3664447134786118,0.6932199627114882,1.0,58.57,limited,limited_feature_importance_stability
Kamei,postgres,15,4,60,0.4878793381759482,0.40923325262308313,0.47192628463814906,0.6716697615002698,1.0,60.81,limited,limited_feature_importance_stability
NASA,CM1,37,4,60,0.35545191032619944,0.2590386097572323,0.2770805308940902,0.34590509643114986,0.47779305819342804,34.31,low,unstable_feature_importance
NASA,KC3,39,4,60,0.2527457387879805,0.18116478612998724,0.2139897767016411,0.2726543924883118,0.42710476563369054,26.95,low,unstable_feature_importance
NASA,MC2,39,4,60,0.2112923258111962,0.14887506312039442,0.15315218366065822,0.24632813080233973,0.4317605265585433,23.83,low,unstable_feature_importance
NASA,MW1,37,4,60,0.2597017073221647,0.19168335289839888,0.1825284727827101,0.2963348285526488,0.46042995792875463,27.81,low,unstable_feature_importance
NASA,PC1,37,4,60,0.32315812040223507,0.24493559312561017,0.3576226347412788,0.3730321561289185,0.48748343834017244,35.72,low,unstable_feature_importance
NASA,PC2,36,4,60,0.34606573204931185,0.2573984504717763,0.2598623441843781,0.32191791346957427,0.5003157417964312,33.71,low,unstable_feature_importance
NASA,PC3,37,4,60,0.434494792757258,0.32627212718435017,0.37770379338175947,0.3784361940866113,0.5497753062662052,41.33,low,unstable_feature_importance
NASA,PC4,37,4,60,0.49753344636666336,0.3746048535724986,0.5049098735539413,0.4754972548591691,0.5349641223139547,47.75,low,unstable_feature_importance
NASA,PC5,38,4,60,0.20125090909393023,0.15555750523694514,0.16462424894628286,0.2596080415438132,0.43563038627475287,24.33,low,unstable_feature_importance
Promise,ant-1.7,20,4,60,0.5182548255619027,0.40007936592354265,0.4367993901892207,0.5314588295645125,1.0,57.73,limited,limited_feature_importance_stability
Promise,camel-1.6,20,4,60,0.2153861147163247,0.16725168350651445,0.26422518159806296,0.4273560933147961,1.0,41.48,low,unstable_feature_importance
Promise,jedit-4.3,20,4,60,0.16003502395842642,0.12342109205146747,0.21612187247780468,0.4147770057357085,1.0,38.29,low,unstable_feature_importance
Promise,prop-2,20,4,60,0.5264198692639215,0.4195790443630833,0.4193188951663528,0.5694305832640828,1.0,58.69,limited,limited_feature_importance_stability
Promise,velocity-1.6,20,4,60,0.4087009261308947,0.30767474227181313,0.38861312886736615,0.47863923768709404,1.0,51.67,limited,limited_feature_importance_stability
Promise,xalan-2.7,20,4,60,0.38128905816761527,0.2927807283529123,0.33534660568558866,0.49127316660375375,1.0,50.01,limited,limited_feature_importance_stability
Promise,xerces-1.4,20,4,60,0.4604257889422185,0.3543951140375492,0.5103241861716438,0.4911421690085698,1.0,56.33,limited,limited_feature_importance_stability
ReLink,Apache,26,4,60,0.28943505672397934,0.21043372351751016,0.2771141601650076,0.3764040379208034,0.6608266048207093,36.28,low,unstable_feature_importance
ReLink,Safe,26,4,60,0.4700046797388363,0.367336623220759,0.34915254237288135,0.4739442942163727,0.6993713712799932,47.2,low,unstable_feature_importance
ReLink,Zxing,26,4,60,0.2387604438991176,0.18254391286075264,0.2696462200699489,0.35828752333842323,0.6606270451075167,34.2,low,unstable_feature_importance
UnifiedBugDataSet_File,Unified-file,6,4,60,0.8576916868442293,0.7746139359698682,0.9888888888888888,1.0,1.0,92.42,high,none
