dataset,project,path,n_instances,n_features,suspicious_feature_count,suspicious_feature_rate,suspicious_features,temporal_feature_count,temporal_features,post_release_feature_count,post_release_features,perfect_label_correlation_count,high_label_correlation_count,high_label_correlation_features,duplicate_instance_rate,cross_project_duplicate_rate,leakage_score,leakage_level,warnings
AEEEM,equinox,Data-set/AEEEM-defect-dataset/equinox.csv,241,19,5,0.2631578947368421,numberOfFixesUntil:;nonTrivialBugs;majorBugs;criticalBugs;highPriorityBugs,0,none,1,numberOfFixesUntil:,0,0,none,0.0,0.012658227848101266,77.47,moderate_leakage_risk,suspicious_feature_names;possible_post_release_features;possible_cross_project_contamination
AEEEM,jdt,Data-set/AEEEM-defect-dataset/jdt.csv,972,19,5,0.2631578947368421,numberOfFixesUntil:;nonTrivialBugs;majorBugs;criticalBugs;highPriorityBugs,0,none,1,numberOfFixesUntil:,0,0,none,0.0,0.0010309278350515464,79.79,moderate_leakage_risk,suspicious_feature_names;possible_post_release_features
AEEEM,lucene,Data-set/AEEEM-defect-dataset/lucene.csv,539,19,5,0.2631578947368421,numberOfFixesUntil:;nonTrivialBugs;majorBugs;criticalBugs;highPriorityBugs,0,none,1,numberOfFixesUntil:,0,0,none,0.0,0.00186219739292365,79.63,moderate_leakage_risk,suspicious_feature_names;possible_post_release_features
AEEEM,mylyn,Data-set/AEEEM-defect-dataset/mylyn.csv,1607,19,5,0.2631578947368421,numberOfFixesUntil:;nonTrivialBugs;majorBugs;criticalBugs;highPriorityBugs,0,none,1,numberOfFixesUntil:,0,0,none,0.0,0.0018738288569643974,79.63,moderate_leakage_risk,suspicious_feature_names;possible_post_release_features
AEEEM,pde,Data-set/AEEEM-defect-dataset/pde.csv,1434,19,5,0.2631578947368421,numberOfFixesUntil:;nonTrivialBugs;majorBugs;criticalBugs;highPriorityBugs,0,none,1,numberOfFixesUntil:,0,0,none,0.0,0.0006978367062107466,79.86,moderate_leakage_risk,suspicious_feature_names;possible_post_release_features
BugHunter,full_Android-Universal-Image-Loader_file,Data-set/BugHunterDataset-1.0/full/Android-Universal-Image-Loader/file.csv,160,6,0,0.0,none,0,none,0,none,0,0,none,0.0,0.034013605442176874,93.2,low_leakage_risk,possible_cross_project_contamination
BugHunter,full_BroadleafCommerce_file,Data-set/BugHunterDataset-1.0/full/BroadleafCommerce/file.csv,2888,6,0,0.0,none,0,none,0,none,0,0,none,0.0,0.013798390187811422,97.24,low_leakage_risk,possible_cross_project_contamination
BugHunter,full_MapDB_file,Data-set/BugHunterDataset-1.0/full/MapDB/file.csv,537,6,0,0.0,none,0,none,0,none,0,0,none,0.0,0.002061855670103093,99.59,low_leakage_risk,none
BugHunter,full_antlr4_file,Data-set/BugHunterDataset-1.0/full/antlr4/file.csv,359,6,0,0.0,none,0,none,0,none,0,0,none,0.0,0.0029154518950437317,99.42,low_leakage_risk,none
BugHunter,full_ceylon-ide-eclipse_file,Data-set/BugHunterDataset-1.0/full/ceylon-ide-eclipse/file.csv,965,6,0,0.0,none,0,none,0,none,0,0,none,0.0,0.0011627906976744186,99.77,low_leakage_risk,none
BugHunter,full_elasticsearch_file,Data-set/BugHunterDataset-1.0/full/elasticsearch/file.csv,20220,6,0,0.0,none,0,none,0,none,0,0,none,0.0,0.007437138472435368,98.51,low_leakage_risk,none
BugHunter,full_hazelcast_file,Data-set/BugHunterDataset-1.0/full/hazelcast/file.csv,17395,6,0,0.0,none,0,none,0,none,0,0,none,0.0,0.009143686502177069,98.17,low_leakage_risk,none
BugHunter,full_junit_file,Data-set/BugHunterDataset-1.0/full/junit/file.csv,191,6,0,0.0,none,0,none,0,none,0,0,none,0.0,0.011235955056179775,97.75,low_leakage_risk,possible_cross_project_contamination
BugHunter,full_mcMMO_file,Data-set/BugHunterDataset-1.0/full/mcMMO/file.csv,760,6,0,0.0,none,0,none,0,none,0,0,none,0.0,0.0029850746268656717,99.4,low_leakage_risk,none
BugHunter,full_mct_file,Data-set/BugHunterDataset-1.0/full/mct/file.csv,55,6,0,0.0,none,0,none,0,none,0,0,none,0.0,0.0,100.0,low_leakage_risk,none
BugHunter,full_neo4j_file,Data-set/BugHunterDataset-1.0/full/neo4j/file.csv,3655,6,0,0.0,none,0,none,0,none,0,0,none,0.0,0.02590837282780411,94.82,low_leakage_risk,possible_cross_project_contamination
BugHunter,full_netty_file,Data-set/BugHunterDataset-1.0/full/netty/file.csv,4566,6,0,0.0,none,0,none,0,none,0,0,none,0.0,0.011141371626640258,97.77,low_leakage_risk,possible_cross_project_contamination
BugHunter,full_orientdb_file,Data-set/BugHunterDataset-1.0/full/orientdb/file.csv,3925,6,0,0.0,none,0,none,0,none,0,0,none,0.0,0.008,98.4,low_leakage_risk,none
BugHunter,full_oryx_file,Data-set/BugHunterDataset-1.0/full/oryx/file.csv,513,6,0,0.0,none,0,none,0,none,0,0,none,0.0,0.03765690376569038,92.47,low_leakage_risk,possible_cross_project_contamination
BugHunter,full_titan_file,Data-set/BugHunterDataset-1.0/full/titan/file.csv,462,6,0,0.0,none,0,none,0,none,0,0,none,0.0,0.004878048780487805,99.02,low_leakage_risk,none
JIRA,activemq-5.8.0,Data-set/JIRA/activemq-5.8.0.csv,2825,67,9,0.13432835820895522,CountDeclMethodDefault;CountDeclClassVariable;CountDeclClassMethod;CountDeclClass;CountClassDerived;CountClassCoupled;CountClassBase;HeuBug;HeuBugCount,3,AvgCyclomaticModified;SumCyclomaticModified;MaxCyclomaticModified,0,none,0,0,none,0.0,0.0,89.93,moderate_leakage_risk,suspicious_feature_names
JIRA,derby-10.5.1.1,Data-set/JIRA/derby-10.5.1.1.csv,2681,67,9,0.13432835820895522,CountDeclMethodDefault;CountDeclClassVariable;CountDeclClassMethod;CountDeclClass;CountClassDerived;CountClassCoupled;CountClassBase;HeuBug;HeuBugCount,3,AvgCyclomaticModified;SumCyclomaticModified;MaxCyclomaticModified,0,none,0,0,none,0.0,0.0,89.93,moderate_leakage_risk,suspicious_feature_names
JIRA,groovy-1_6_BETA_2,Data-set/JIRA/groovy-1_6_BETA_2.csv,868,67,9,0.13432835820895522,CountDeclMethodDefault;CountDeclClassVariable;CountDeclClassMethod;CountDeclClass;CountClassDerived;CountClassCoupled;CountClassBase;HeuBug;HeuBugCount,3,AvgCyclomaticModified;SumCyclomaticModified;MaxCyclomaticModified,0,none,0,0,none,0.0,0.0,89.93,moderate_leakage_risk,suspicious_feature_names
JIRA,hbase-0.95.2,Data-set/JIRA/hbase-0.95.2.csv,1821,67,9,0.13432835820895522,CountDeclMethodDefault;CountDeclClassVariable;CountDeclClassMethod;CountDeclClass;CountClassDerived;CountClassCoupled;CountClassBase;HeuBug;HeuBugCount,3,AvgCyclomaticModified;SumCyclomaticModified;MaxCyclomaticModified,0,none,0,0,none,0.0,0.0011001100110011,89.71,moderate_leakage_risk,suspicious_feature_names
JIRA,hive-0.12.0,Data-set/JIRA/hive-0.12.0.csv,2537,67,9,0.13432835820895522,CountDeclMethodDefault;CountDeclClassVariable;CountDeclClassMethod;CountDeclClass;CountClassDerived;CountClassCoupled;CountClassBase;HeuBug;HeuBugCount,3,AvgCyclomaticModified;SumCyclomaticModified;MaxCyclomaticModified,0,none,0,0,none,0.0,0.0007883326763894363,89.77,moderate_leakage_risk,suspicious_feature_names
JIRA,jruby-1.7.0.preview1,Data-set/JIRA/jruby-1.7.0.preview1.csv,1576,67,9,0.13432835820895522,CountDeclMethodDefault;CountDeclClassVariable;CountDeclClassMethod;CountDeclClass;CountClassDerived;CountClassCoupled;CountClassBase;HeuBug;HeuBugCount,3,AvgCyclomaticModified;SumCyclomaticModified;MaxCyclomaticModified,0,none,0,0,none,0.0,0.0,89.93,moderate_leakage_risk,suspicious_feature_names
JIRA,wicket-1.5.3,Data-set/JIRA/wicket-1.5.3.csv,2521,67,9,0.13432835820895522,CountDeclMethodDefault;CountDeclClassVariable;CountDeclClassMethod;CountDeclClass;CountClassDerived;CountClassCoupled;CountClassBase;HeuBug;HeuBugCount,3,AvgCyclomaticModified;SumCyclomaticModified;MaxCyclomaticModified,0,none,0,0,none,0.0,0.0,89.93,moderate_leakage_risk,suspicious_feature_names
Kamei,bugzilla,Data-set/Kamei/bugzilla.csv,4620,15,1,0.06666666666666667,fix,0,none,1,fix,0,0,none,0.0,0.0,90.0,low_leakage_risk,suspicious_feature_names;possible_post_release_features
Kamei,columba,Data-set/Kamei/columba.csv,4455,15,1,0.06666666666666667,fix,0,none,1,fix,0,0,none,0.0,0.0,90.0,low_leakage_risk,suspicious_feature_names;possible_post_release_features
Kamei,postgres,Data-set/Kamei/postgres.csv,20431,15,1,0.06666666666666667,fix,0,none,1,fix,0,0,none,0.0,0.0,90.0,low_leakage_risk,suspicious_feature_names;possible_post_release_features
NASA,CM1,Data-set/NASA/CM1.csv,327,37,0,0.0,none,2,HALSTEAD_PROG_TIME;MODIFIED_CONDITION_COUNT,0,none,0,0,none,0.0,0.0,100.0,low_leakage_risk,none
NASA,KC3,Data-set/NASA/KC3.csv,194,39,0,0.0,none,2,HALSTEAD_PROG_TIME;MODIFIED_CONDITION_COUNT,0,none,0,0,none,0.0,0.0,100.0,low_leakage_risk,none
NASA,MC2,Data-set/NASA/MC2.csv,124,39,0,0.0,none,2,HALSTEAD_PROG_TIME;MODIFIED_CONDITION_COUNT,0,none,0,0,none,0.0,0.0,100.0,low_leakage_risk,none
NASA,MW1,Data-set/NASA/MW1.csv,254,37,0,0.0,none,2,HALSTEAD_PROG_TIME;MODIFIED_CONDITION_COUNT,0,none,0,0,none,0.0,0.0,100.0,low_leakage_risk,none
NASA,PC1,Data-set/NASA/PC1.csv,691,37,0,0.0,none,2,HALSTEAD_PROG_TIME;MODIFIED_CONDITION_COUNT,0,none,0,0,none,0.0,0.28613138686131384,80.0,moderate_leakage_risk,possible_cross_project_contamination
NASA,PC2,Data-set/NASA/PC2.csv,722,36,0,0.0,none,2,HALSTEAD_PROG_TIME;MODIFIED_CONDITION_COUNT,0,none,0,0,none,0.0,0.0,100.0,low_leakage_risk,none
NASA,PC3,Data-set/NASA/PC3.csv,1057,37,0,0.0,none,2,HALSTEAD_PROG_TIME;MODIFIED_CONDITION_COUNT,0,none,0,0,none,0.0,0.18578199052132702,80.0,moderate_leakage_risk,possible_cross_project_contamination
NASA,PC4,Data-set/NASA/PC4.csv,1272,37,0,0.0,none,2,HALSTEAD_PROG_TIME;MODIFIED_CONDITION_COUNT,0,none,0,0,none,0.0,0.0055074744295830055,98.9,low_leakage_risk,none
NASA,PC5,Data-set/NASA/PC5.csv,1718,38,0,0.0,none,2,HALSTEAD_PROG_TIME;MODIFIED_CONDITION_COUNT,0,none,0,0,none,0.0,0.004137115839243499,99.17,low_leakage_risk,none
Promise,ant-1.7,Data-set/Promise/ant-1.7.csv,724,20,0,0.0,none,0,none,0,none,0,0,none,0.0,0.011049723756906077,97.79,low_leakage_risk,possible_cross_project_contamination
Promise,camel-1.6,Data-set/Promise/camel-1.6.csv,884,20,0,0.0,none,0,none,0,none,0,0,none,0.0,0.014755959137343927,97.05,low_leakage_risk,possible_cross_project_contamination
Promise,jedit-4.3,Data-set/Promise/jedit-4.3.csv,476,20,0,0.0,none,0,none,0,none,0,0,none,0.0,0.016842105263157894,96.63,low_leakage_risk,possible_cross_project_contamination
Promise,prop-2,Data-set/Promise/prop-2.csv,13183,20,0,0.0,none,0,none,0,none,0,0,none,0.0,0.0010277492291880781,99.79,low_leakage_risk,none
Promise,velocity-1.6,Data-set/Promise/velocity-1.6.csv,211,20,0,0.0,none,0,none,0,none,0,0,none,0.0,0.03317535545023697,93.36,low_leakage_risk,possible_cross_project_contamination
Promise,xalan-2.7,Data-set/Promise/xalan-2.7.csv,740,20,0,0.0,none,0,none,0,none,0,0,none,0.0,0.016216216216216217,96.76,low_leakage_risk,possible_cross_project_contamination
Promise,xerces-1.4,Data-set/Promise/xerces-1.4.csv,490,20,0,0.0,none,0,none,0,none,0,0,none,0.0,0.02663934426229508,94.67,low_leakage_risk,possible_cross_project_contamination
ReLink,Apache,Data-set/ReLinkCSV/Apache.csv,194,26,0,0.0,none,3,AvgCyclomaticModified;MaxCyclomaticModified;SumCyclomaticModified,0,none,0,0,none,0.0,0.0,100.0,low_leakage_risk,none
ReLink,Safe,Data-set/ReLinkCSV/Safe.csv,56,26,0,0.0,none,3,AvgCyclomaticModified;MaxCyclomaticModified;SumCyclomaticModified,0,none,0,0,none,0.0,0.0,100.0,low_leakage_risk,none
ReLink,Zxing,Data-set/ReLinkCSV/Zxing.csv,354,26,0,0.0,none,3,AvgCyclomaticModified;MaxCyclomaticModified;SumCyclomaticModified,0,none,0,0,none,0.0,0.0,100.0,low_leakage_risk,none
UnifiedBugDataSet_File,Unified-file,Data-set/UnifiedBugDataSet_File/Unified-file.csv,35829,6,0,0.0,none,0,none,0,none,0,0,none,0.0,0.0,100.0,low_leakage_risk,none
ApacheJIT,dataset_apachejit_total,Data-set/apachejit/dataset/apachejit_total.csv,106272,15,1,0.06666666666666667,fix,1,author_date,1,fix,0,0,none,0.0,0.0,90.0,low_leakage_risk,suspicious_feature_names;possible_post_release_features
